2015-02-20T11:34:22.000Z,startupjuncture.com,1,24sessions: live business advice over video-chat
2015-02-20T11:35:32.000Z,blog.erratasec.com,3,Some notes on SuperFish
2015-02-20T11:36:18.000Z,twitter.com,1,Apple Watch models could contain 29.16g of gold
2015-02-20T11:41:06.000Z,phpconference.co.uk,1,PHP UK Conference Diversity Scholarship Programme
2015-02-20T11:43:04.000Z,preview.onedrive.com,2,Microsoft giving away 100GB free OneDrive storage for 1 year
2015-02-20T11:43:50.000Z,information-age.com,1,How to think like a cybercriminal
2015-02-20T11:48:09.000Z,personnelscreening.org,1,Personnel Screening Helpdesk (PSH)
2015-02-20T11:59:26.000Z,blog.cayenneapps.com,10,SWOT analysis for Uber
2015-02-20T12:00:09.000Z,,2,Ask HN: HN APIs (or lack thereof)
2015-02-20T12:00:11.000Z,blog.weekdone.com,2,Learnings from successful remote team leaders
2015-02-20T12:00:41.000Z,wired.co.uk,3,GCHQ and NSA hacked SIMs to spy on billions of phones
2015-02-20T12:01:53.000Z,mindfulpresenter.com,1,The 10 Most Important Things in Presenting Today
2015-02-20T12:02:26.000Z,jjacky.com,2,Donnatella: An advanced Linux file manager
2015-02-20T12:05:25.000Z,ritholtz.com,2,Are We Becoming a Part-Time Economy?
2015-02-20T12:07:55.000Z,,13,Ask HN: Do forced startup ideas work?
2015-02-20T12:09:38.000Z,layerswp.com,152,Layers – A simple WordPress site builder
2015-02-20T12:10:57.000Z,theverge.com,2,The NSA and its allies stole the keys to your phone's security
2015-02-20T12:16:46.000Z,gifpeek.com,4,Show HN: Gifpeek an infinite animated GIF stream (Sometimes NSFW)
2015-02-20T12:19:14.000Z,m.bbc.com,1,US and UK accused of hacking Sim card firm to steal codes
2015-02-20T12:19:37.000Z,medium.com,4,Mastering Git subtrees
2015-02-20T12:23:33.000Z,blog.bigstash.co,14,How we are able to offer 5TB for free
2015-02-20T12:23:44.000Z,support.google.com,2,No more product placements on YouTube
2015-02-20T12:25:32.000Z,contino.co.uk,1,DevOps in the Legacy Application Suite
2015-02-20T12:26:59.000Z,blog.davidbanham.com,72,Coffeescript 1.9.0 contains a backwards incompatible change
2015-02-20T12:27:21.000Z,medium.com,8,“I preferred self-publishing to working with the world’s biggest publisher”
2015-02-20T12:28:21.000Z,futilitycloset.com,1,A new theorem: Triplets
2015-02-20T12:28:23.000Z,pestmeester.nl,2,How to set up a secure Raspberry Pi web server mail server and Owncloud inst
2015-02-20T12:29:09.000Z,information-age.com,2,The Internet of Things: current state of play
2015-02-20T12:36:59.000Z,jimlynch.com,1,Should publishers try to block ad blockers?
2015-02-20T12:42:03.000Z,slideshare.net,2,Some thoughts about Customer Success definition and our experience doing it
2015-02-20T12:44:50.000Z,oguzbastemur.blogspot.com,3,Asm.js for Node.js
2015-02-20T12:45:18.000Z,s3.eurecom.fr,2,Exploring the impact of a hard drive backdoor [pdf]
2015-02-20T12:47:33.000Z,nwitimes.com,1,Healthful diet report: Sugary drinks out; coffee eggs in
2015-02-20T12:49:30.000Z,touchmathematics.org,1,Touch Mathematics
2015-02-20T12:50:17.000Z,venturebeat.com,1,Yahoo Announces Mobile Development Suite
2015-02-20T12:51:51.000Z,theguardian.com,4,Apple sued for poaching engineers with deep expertise in electric car systems
2015-02-20T12:52:26.000Z,forums.aws.amazon.com,4,Amazon RDS: Action Required for SSL Users by 23 Mar 2015
2015-02-20T12:52:51.000Z,labs.theguardian.com,1,Tim Berners-Lee – Where I went right [video]
2015-02-20T12:52:51.000Z,solusipse.github.io,2,Show HN: YouTube to webm converter
2015-02-20T12:53:06.000Z,checkio.org,2,Python Creator Guido van Rossum reviews CheckiO players code
2015-02-20T12:55:05.000Z,forbes.com,2,Canonical Achieves Broad Industry Buy-In for Snappy Ubuntu
2015-02-20T12:58:19.000Z,seas.harvard.edu,108,Perfect colors captured with one ultra-thin lens
2015-02-20T12:59:27.000Z,youtube.com,1,New Invention – Flow: Honey on Tap Directly from Your Beehive
2015-02-20T13:00:55.000Z,information-age.com,1,Why most digital transformation programmes are doomed from the start
2015-02-20T13:02:11.000Z,inpursuitoflaziness.blogspot.com,3,Thoughts of a Rustacean learning Go
2015-02-20T13:09:58.000Z,spectrum.ieee.org,17,Cosmic Ray Particles Will Reveal Molten Hearts of Fukushima Daiichi's Reactors
2015-02-20T13:12:19.000Z,tr8dr.wordpress.com,2,Bitcoin Needs Cross Exchange Prime Brokerage
2015-02-20T13:13:10.000Z,austenallred.com,2,Building for Muggles – The Age of Accessiblity
2015-02-20T13:14:38.000Z,honeyflow.com,3,Ingenious New Beehive Design Taps Honey Without Disturbing the Bees
2015-02-20T13:16:17.000Z,medium.com,2,A short look into TLS security in Lithuanian online banking industry
2015-02-20T13:19:23.000Z,economist.com,4,Should humanity keep schtum about its existence?
2015-02-20T13:20:18.000Z,ip-watch.org,2,US Congress Reconsiders Anti-Patent Troll Law
2015-02-20T13:20:50.000Z,getprismatic.com,2,The Joel Test Updated for Programmers
2015-02-20T13:23:40.000Z,businessinsider.com,1,Apple wants to sell cards in a few years
2015-02-20T13:24:47.000Z,news.sciencemag.org,57,Human DNA enlarges mouse brains
2015-02-20T13:25:00.000Z,cultofmac.com,4,Your iPhone has been hacked by the NSA using SIM card
2015-02-20T13:25:59.000Z,businessinsider.com,2,14 highest paying tech jobs
2015-02-20T13:26:22.000Z,books.google.com,3,How Photoshop brought back wonders to Humanity - Ngram
2015-02-20T13:27:46.000Z,surveymonkey.com,1,Future of Open Source Survey
2015-02-20T13:27:53.000Z,datascienceweekly.org,2,Data Science Weekly Newsletter – Issue #65
2015-02-20T13:28:46.000Z,belfasttelegraph.co.uk,1,Facebook held liable over paedophile 'vigilante' page
2015-02-20T13:29:22.000Z,marginalrevolution.com,1,The Rise of Opaque Intelligence
2015-02-20T13:31:44.000Z,forbes.com,8,Company behind Superfish claims its under DDoS attack
2015-02-20T13:33:24.000Z,bbc.co.uk,2,The technology behind facial recognition
2015-02-20T13:34:38.000Z,youtube.com,1,How to stop screwing yourself over [video]
2015-02-20T13:35:23.000Z,en.wikipedia.org,1,Toast sandwich
2015-02-20T13:36:06.000Z,mobile.lepoint.fr,1,Gemamto has been hacked sim cards crypto stolen
2015-02-20T13:36:33.000Z,lists.ubuntu.com,9,Ubuntu 14.04.2 Released
2015-02-20T13:36:41.000Z,cnet.com,1,Volvo details autonomous Drive Me cars on sale in 2017
2015-02-20T13:38:34.000Z,javascriptkicks.com,4,Deploying Your SPA to Azure with Gulp
2015-02-20T13:38:52.000Z,app.viceversa.io,4,Viceversa – Crowdhelping app for indecisive people
2015-02-20T13:39:32.000Z,highlightjs.org,167,Highlight.js – Syntax highlighting for the Web
2015-02-20T13:44:32.000Z,en.wikipedia.org,1,Auto-brewery Syndrome
2015-02-20T13:45:35.000Z,smithsonianmag.com,16,How the Photocopier Changed the Way We Worked and Played
2015-02-20T13:46:08.000Z,pcworld.com,4,Lenovo CTO admits company 'messed up' and will publish Superfish removal tool
2015-02-20T13:46:39.000Z,raywenderlich.com,2,iOS Assembly Tutorial: Understanding ARM
2015-02-20T13:47:43.000Z,h3manth.com,4,Superfluous Patterns of JavaScript
2015-02-20T13:50:12.000Z,nutanix.com,1,Hardware Platform Updates – Haswell Refresh and Configure to Order Support:Nutanix
2015-02-20T13:50:55.000Z,asserttrue.blogspot.com,1,Does headline testing work?
2015-02-20T13:50:56.000Z,r1soft.com,2,This Week in Data (February 20 2015)
2015-02-20T13:53:35.000Z,bloomberg.com,1,Blackshades Co-Creator Yucel Pleads Guilty in Malware Probe
2015-02-20T13:54:08.000Z,theatlantic.com,2,Apple Is Basically a Small Country Now
2015-02-20T13:54:37.000Z,bestvpn.com,2,Why the 3 strikes system is failing to stop piracy
2015-02-20T13:54:38.000Z,mowares.com,1,I think Better to start a business like this in 2015? Lol
2015-02-20T13:55:37.000Z,gizmodo.com,1,Meet the 'Real-Life Q' Who Builds Secret Spy Gadgets for a Living
2015-02-20T13:58:29.000Z,arcticstartup.com,1,Lithuanian Mobile Worker Launches B2B with €500000 Norwegian Capital
2015-02-20T14:01:11.000Z,blog.netbsd.org,26,Regular test runs down to zero unexpected failures on multiple architectures
2015-02-20T14:04:10.000Z,emson.co.uk,3,Learn from failure find your value
2015-02-20T14:05:28.000Z,rationaljava.com,1,Get started with jHiccup – don't put it off do it now
2015-02-20T14:09:15.000Z,theregister.co.uk,3,Joint NSA/GCHQ unit hacked SIM card maker stole just about EVERYONE's keys
2015-02-20T14:09:50.000Z,bay12games.com,1,Generated emergent poetic forms – Dwarf Fortress
2015-02-20T14:11:29.000Z,wikivinci.com,7,Wikivinci – Help build a database of top tutorials and learning resources
2015-02-20T14:13:08.000Z,opensource.com,1,4 tips for Drupal migration on a budget
2015-02-20T14:13:26.000Z,listentoyourengineers.com,2,Listen to your engineers
2015-02-20T14:15:38.000Z,en.wikipedia.org,1,Occam's razor
2015-02-20T14:15:50.000Z,opensource.com,2,OnePlus ditches CyanogenMod Raspberry Pi 2 robots and more news
2015-02-20T14:16:41.000Z,ipestov.com,2,Essential Plugins for Grunt
2015-02-20T14:19:54.000Z,eff.org,1,How to Remove Superfish Adware from Your Lenovo Computer
2015-02-20T14:20:28.000Z,nytimes.com,2,Tech Investors Create a Billion-Dollar-Baby Boom
2015-02-20T14:20:53.000Z,styleci.io,1,StyleCI – The PHP Coding Style Continuous Integration Service
2015-02-20T14:20:54.000Z,business-software.com,1,8 Free help desk / customer support software for real
2015-02-20T14:21:44.000Z,github.com,6,SnapchatBot: Python library for building bots that live on Snapchat
2015-02-20T14:23:09.000Z,theregister.co.uk,1,Your hard drives were RIDDLED with NSA SPYWARE
2015-02-20T14:24:45.000Z,venturebeat.com,3,A card game called Exploding Kittens just made Kickstarter history
2015-02-20T14:25:05.000Z,vimeo.com,1,[Watch me code video] Coding the Corsair23 Project Part 1
2015-02-20T14:25:41.000Z,information-age.com,1,New Cyber Security Exam Will Train Governments by Simulating Attacks
2015-02-20T14:26:25.000Z,gridstylesheets.org,4,GSS 2.0: CSS polyfills from the future
2015-02-20T14:29:43.000Z,blog.atomicinc.com,27,Superfish or Stupidfish?
2015-02-20T14:31:19.000Z,theverge.com,2,The US Treasury will now accept PayPal
2015-02-20T14:31:56.000Z,blog.thehumangeo.com,3,(Machine) Learning About Love: Who Will Leave the Bachelor Next?
2015-02-20T14:32:36.000Z,linuxvoice.com,26,Tim O'Reilly on big data social networks and the future of print
2015-02-20T14:32:51.000Z,devboxdaily.com,1,Free Resources Friday
2015-02-20T14:36:17.000Z,blockify.co,6,Show HN: Blockify (reusable html/css/js/php snippets)
2015-02-20T14:37:01.000Z,digitalguardian.com,3,Feds: Stolen medical record not an 'imminent threat' to victim
2015-02-20T14:37:23.000Z,github.com,3,Superfishy downloads
2015-02-20T14:37:46.000Z,,2,Ask HN: ChessMobi – My first iOS chess training application. Feedback welcome
2015-02-20T14:37:51.000Z,theverge.com,5,Christ the Redeemer mapped by drone
2015-02-20T14:41:13.000Z,smithsonianmag.com,116,Who Can Save the Grand Canyon?
2015-02-20T14:45:21.000Z,startupiceland.com,3,Founder Institute Meetup – Startup Pitch Bootcamp
2015-02-20T14:46:13.000Z,nist.gov,42,Crystal Pattern Matching Recovers Serial Numbers Obliterated from Metals
2015-02-20T14:47:09.000Z,peerj.com,3,PeerJ Computer Science the new multidisciplinary open access journal
2015-02-20T14:47:27.000Z,thinkfaster.co,3,No Really Don't Ask for Help
2015-02-20T14:51:15.000Z,theverge.com,3,Sony is no longer an electronics company
2015-02-20T14:54:50.000Z,j4p3.com,67,The co-op consultancy
2015-02-20T14:58:34.000Z,blogs.wsj.com,7,Twilio Positions Itself for an IPO After Logging $100M in 2014 Revenue
2015-02-20T14:59:48.000Z,andybromberg.com,4,Sentiment Analysis in Python
2015-02-20T15:00:43.000Z,medium.com,2,Get to know the founder (About getting to know her)
2015-02-20T15:03:49.000Z,thatsjavainfo.com,2,Android AlarmManager tutorial
2015-02-20T15:03:57.000Z,austingwalters.com,3,Edge Detection in Computer Vision
2015-02-20T15:04:19.000Z,stuartspencestuff.blogspot.com,289,Many McGill Education Students Cannot Calculate an Average
2015-02-20T15:04:29.000Z,computerworld.com,2,Microsoft gives 100GB free OneDrive storage for 2 years; then charging $2/month
2015-02-20T15:06:03.000Z,portfolioist.com,3,Gaming the System
2015-02-20T15:06:54.000Z,seastar-project.org,5,Seastar: an open-source C++ framework for high performance on modern hardware
2015-02-20T15:07:23.000Z,blog.prismic.io,3,Structured Text: A cleaner way to deal with Rich Text
2015-02-20T15:10:23.000Z,businessofsoftware.org,3,Practical Advice on DIY SEO and Inbound from Rand Fishkin Google Hangout
2015-02-20T15:11:10.000Z,spin.atomicobject.com,5,Embedded Rust Right Now
2015-02-20T15:11:24.000Z,aboveavalon.com,2,Apple Is on Track to Buy Back 20% of Itself by 2017
2015-02-20T15:12:40.000Z,becomingminimalist.com,34,The Man Who Quit Money: An Interview with Daniel Suelo
2015-02-20T15:16:38.000Z,gotgutsy.com,3,Discover what your friends really think of you
2015-02-20T15:18:55.000Z,stevestreeting.com,3,SteveStreeting.com » Timing
2015-02-20T15:23:33.000Z,9to5mac.com,9,Apple will fight iOS bugs with first-ever iOS Public Betas
2015-02-20T15:24:44.000Z,businessinsider.com,3,Scientists discovered personality difference between entrepreneurs and employees
2015-02-20T15:25:27.000Z,wsj.com,4,To Revive Wallet Google Tries to Wrangle Unruly Partners
2015-02-20T15:26:40.000Z,wsj.com,40,China Estimates Largest Capital Outflow in More Than a Decade in 2014
2015-02-20T15:28:44.000Z,medium.com,2,Forrest Gump would have been an awesome founder
2015-02-20T15:29:12.000Z,engineering-blog.alphasights.com,2,Deploying Ember Applications with Divshot
2015-02-20T15:30:19.000Z,,1,Ask HN: What's the best way to plan my day?
2015-02-20T15:34:15.000Z,reganmian.net,3,OpenEdX and LTI: Pedagogical Scripts and SSO
2015-02-20T15:38:31.000Z,machinedlearnings.com,1,Adversarial Scenarios and Economies of Scale
2015-02-20T15:38:37.000Z,whitehouse.gov,2,DJ Patil to Be USA's Chief Data Scientist
2015-02-20T15:39:51.000Z,wired.com,397,Lenovo's Response to Its Dangerous Adware Is Astonishingly Clueless
2015-02-20T15:40:08.000Z,bloviations.net,1,Open Standards Are the Worst (Sometimes)
2015-02-20T15:41:19.000Z,forbes.com,2,How Long Does SEO Take to Start Working?
2015-02-20T15:42:04.000Z,realm.io,1,Controlling Complexity in Swift [presentation/video]
2015-02-20T15:44:52.000Z,status.bitbucket.org,16,Bitbucket is down
2015-02-20T15:45:25.000Z,kurzweilai.net,1,Scientists find ‘strongest’ natural material
2015-02-20T15:46:49.000Z,kickstarter.com,2,3 in 1 Stand Up Stand in a Tube
2015-02-20T15:48:21.000Z,thenewstack.io,1,ActiveState: Why Docker Without Container Orchestration Is Not Enough
2015-02-20T15:54:29.000Z,,1,Ask HN: How do hackers hack?
2015-02-20T15:54:40.000Z,personal.cis.strath.ac.uk,74,She: The Strathclyde Haskell Enhancement
2015-02-20T15:59:07.000Z,itunes.apple.com,3,Show HN: A secure way to share snapshots from your Mac (free)
2015-02-20T15:59:45.000Z,gnippets.com,1,Show HN: Gnippets – Open-source auto-compiling library of gists
2015-02-20T16:00:45.000Z,sakurity.com,3,Hire me for on-site security consulting in San Francisco Bay Area
2015-02-20T16:01:10.000Z,blackhole12.blogspot.com,3,Does Anyone Actually Want Good Software?
2015-02-20T16:01:55.000Z,eprints.eemcs.utwente.nl,36,Functional Programming with Bananas Lenses Envelopes and Barbed Wire (1991) [pdf]
2015-02-20T16:03:20.000Z,css-tricks.com,1,Polylion. Awesome SVG Effects
2015-02-20T16:03:45.000Z,news.dice.com,2,IBM thinks data can improve football stadiums or at least the bathroom line
2015-02-20T16:05:25.000Z,news.dice.com,1,In space a laptop doubles as a VR headset
2015-02-20T16:05:27.000Z,west-info.eu,2,Moving limbs with your mind
2015-02-20T16:06:37.000Z,economist.com,313,Too much finance is bad for the economy
2015-02-20T16:07:48.000Z,economist.com,8,Language change: slowly does it
2015-02-20T16:07:59.000Z,motherboard.vice.com,1,The Scariest Ways Humanity Could Die Out Are the Ones We Haven't Thought of Yet
2015-02-20T16:08:31.000Z,motherboard.vice.com,45,Vaccinating the World's Top Predators May Be the Only Way to Save Them
2015-02-20T16:09:10.000Z,gigaom.com,2,A massive database now translates news in 65 languages in real time
2015-02-20T16:09:10.000Z,twitter.com,1,Windows Defender Removes SuperFish
2015-02-20T16:09:16.000Z,gapjumpers.me,1,What interview questions to ask when hiring a UX Designer
2015-02-20T16:09:45.000Z,crowdsupply.com,54,Quiet Linear Mechanical Keyboard Switch Designed by the Open Steno Project
2015-02-20T16:09:46.000Z,thoughtly.co,9,Prototype ML/NLP Code Lesson 3: Bayes Theorem
2015-02-20T16:09:52.000Z,free-electrons.com,3,Linux kernel and driver dev lab book (free-electrons.com) [pdf]
2015-02-20T16:10:50.000Z,bluefletch.com,1,How to solicit feedback from users and make the best possible mobile app
2015-02-20T16:11:09.000Z,microsoft.com,5,Win32/CompromisedCert
2015-02-20T16:12:56.000Z,metova.com,2,Cross-Platform Apps Are Valuable Not Cheap
2015-02-20T16:13:50.000Z,blog.disqovery.com,1,How I perform as a sole startup founder
2015-02-20T16:15:19.000Z,tripwire.com,3,U.S. Marshalls Announce Auction of 50000 Bitcoins Seized from Silk Road Creator
2015-02-20T16:15:51.000Z,talentbuddy.co,1,What Influenced the Careers of Top Developers Early On?
2015-02-20T16:16:06.000Z,reprogramming.com,39,A Hard Lesson About Planning for Scale
2015-02-20T16:16:42.000Z,mobile-text-alerts.com,2,Send Mass Text Alerts to Your Group
2015-02-20T16:17:06.000Z,whatsthere.co,1,Search and view the latest instagram pics everywhere in the world through a map
2015-02-20T16:17:35.000Z,flowingdata.com,2,Algorithm Generated Song (from NYC income data)
2015-02-20T16:17:50.000Z,appew.co,1,'Alto's Adventure'is APPEW's top app today
2015-02-20T16:17:51.000Z,mvc.zeef.com,3,All about MVC 1.0 the new MVC framework for Java EE 8
2015-02-20T16:21:41.000Z,nytimes.com,2,800000 Using HealthCare.gov Were Sent Incorrect Tax Data
2015-02-20T16:25:39.000Z,jlongster.com,273,Statements about the Mobile Web
2015-02-20T16:25:47.000Z,factor-tech.com,1,US emerging tech policies are risking the country’s place in the future
2015-02-20T16:26:19.000Z,primatelabs.com,2,Geekbench Cross-platform processor benchmark
2015-02-20T16:27:45.000Z,filipwolanski.com,34,Do the English Use More Words Than the French?
2015-02-20T16:28:37.000Z,github.com,2,Microservice design resources
2015-02-20T16:28:53.000Z,,1,Ask HN: Why is my profile page “limited”?
2015-02-20T16:29:09.000Z,github.com,2,Using types to build reliable systems
2015-02-20T16:29:18.000Z,programmableweb.com,3,Stripe Now Accepts Bitcoin Payments
2015-02-20T16:29:38.000Z,blog.stonlybaptiste.com,1,What makes Urban.Us different
2015-02-20T16:30:38.000Z,msn.com,1,Flipkart tops Airbnb Dropbox in valuation
2015-02-20T16:31:57.000Z,gigaom.com,13,The Druid real-time database moves to an Apache license
2015-02-20T16:32:01.000Z,hartator.github.io,3,Web Crawler on the Client Side
2015-02-20T16:32:05.000Z,,9,Try any language in your browser with websocketd
2015-02-20T16:32:17.000Z,dustri.org,19,On superfish and cloudflare
2015-02-20T16:32:41.000Z,datacamp.com,10,DataCamp launches R Training Path going head-to-head with Udacity and Coursera
2015-02-20T16:35:17.000Z,blogs.nature.com,8,Why PhD students should consider career options early on
2015-02-20T16:37:45.000Z,twitter.com,2,Windows Defender is removing Superfish *and* the cert
2015-02-20T16:38:36.000Z,crosscut.com,6,Why Google Fiber will never come to Seattle (2012)
2015-02-20T16:39:49.000Z,linkedin.com,2,5 Steps Every Business Leader Must Take to Fight Hackers
2015-02-20T16:40:22.000Z,layerswp.com,2,Layers – WordPress Site BuilderLayers – WordPress Site Builder
2015-02-20T16:44:58.000Z,techcrunch.com,2,A Year Later $19B for WhatsApp Doesn’t Sound So Crazy
2015-02-20T16:46:19.000Z,economist.com,4,What Russia Wants: From Cold War to Hot War
2015-02-20T16:47:47.000Z,archive.wired.com,1,Say Hello to Stanley – the self-driving car (2006)
2015-02-20T16:52:16.000Z,producthunt.com,2,Responsive prototyping tool Weld.io launches trends on Product Hunt
2015-02-20T16:57:10.000Z,nakedsecurity.sophos.com,3,Sophos naked security has a good a-z on superfish
2015-02-20T16:59:03.000Z,notes.fundersandfounders.com,1,People who took an indirect path to success
2015-02-20T16:59:49.000Z,neowin.net,8,Microsoft updates Windows Defender fries Superfish like a piece of Carp
2015-02-20T17:00:23.000Z,npr.org,2,The World Could Be on the Verge of Losing a Powerful Malaria Drug
2015-02-20T17:02:09.000Z,blog.angelbacker.co,5,Sandwich Video Said No We Decided to Make Our Own Startup Explainer Video
2015-02-20T17:02:26.000Z,littlebigdetails.com,1,Facebook – Opening the developer inspector
2015-02-20T17:02:31.000Z,theindustry.cc,3,Good Design is Long-Lasting
2015-02-20T17:02:36.000Z,reedsy.com,1,Meet Reedsy where author find the best publishing professionals
2015-02-20T17:04:23.000Z,daringfireball.net,60,On the Pricing of Apple Watch
2015-02-20T17:06:05.000Z,jsfiddle.net,1,An Unusable FizzBuzz Clock
2015-02-20T17:08:28.000Z,maximise.dk,43,Why the Euro will ultimately fail
2015-02-20T17:12:35.000Z,mongol.meteor.com,3,Mongol – The Insanely Useful Meteor Development Package
2015-02-20T17:13:18.000Z,huffingtonpost.com,1,Teen Struggling to Survive After 'Superbug' Infection at UCLA Hospital
2015-02-20T17:15:35.000Z,,2,Any cloud IDE suggestions?
2015-02-20T17:17:50.000Z,nydailynews.com,1,Google to roll out coding classes for 100K New York City school kids
2015-02-20T17:20:04.000Z,wsj.com,130,Twilio Positions Itself for an IPO After Logging $100M in 2014 Revenue
2015-02-20T17:20:06.000Z,wired.com,6,Spies Can Track You Just by Watching Your Phone’s Power Use
2015-02-20T17:20:27.000Z,yetanothergreatidea.wordpress.com,2,Lessons learned from strangers on the Internet
2015-02-20T17:22:35.000Z,wsj.com,26,To Revive Wallet Google Tries to Wrangle Unruly Partners
2015-02-20T17:23:43.000Z,status.bitbucket.org,1,Bitbucket is down
2015-02-20T17:23:53.000Z,medium.com,1,Have you told your gaming buddies that you love them lately?
2015-02-20T17:24:38.000Z,,5,Ask HN: CSS Grids Systems vs Flexboxes?
2015-02-20T17:24:42.000Z,washingtonpost.com,109,Why schools are failing our boys
2015-02-20T17:31:04.000Z,timesofindia.indiatimes.com,1,Antarctica: Mystery continent holds key to mankind's future
2015-02-20T17:31:33.000Z,buzzfeed.com,3,It’s Already Over and Uber Has Won
2015-02-20T17:32:58.000Z,nofilmschool.com,78,How Lucas Spielberg and Kasdan Created 'Raiders of the Lost Ark' (2013)
2015-02-20T17:34:10.000Z,nytimes.com,8,Boston’s Winter from Hell
2015-02-20T17:34:59.000Z,stackoverflow.com,1,Singletons vs. Application Context in Android?
2015-02-20T17:37:28.000Z,blog.luisrei.com,1,Implementing a RESTful Web API with Python and Flask
2015-02-20T17:38:48.000Z,nextnewdeal.net,2,The One Where Larry Summers Demolished the Robots and Skills Arguments
2015-02-20T17:46:06.000Z,thinkfaster.co,82,Why Rockstar Developers Don't Ask for Help
2015-02-20T17:46:47.000Z,evilsocket.net,1,SuperFish AdWare found inside X-Notifier browser extension code
2015-02-20T17:48:03.000Z,read.payne.io,3,How we use Docker Bash and old Oracle utils to break data out of the enterprise
2015-02-20T17:48:07.000Z,play.google.com,2,Show HN: Iboga – An app that gives you insights into life from real people
2015-02-20T17:49:47.000Z,blog.thousandeyes.com,3,Comparing DNS Root Server Performance Around the World
2015-02-20T17:55:00.000Z,github.com,2,Example Redis binds to just 127.0.0.1
2015-02-20T17:56:24.000Z,facebook.github.io,9,Introducing Relay and GraphQL
2015-02-20T18:04:09.000Z,sdtimes.com,1,Microsoft Releases Azure Machine Learning
2015-02-20T18:04:10.000Z,randsinrepose.com,1,An Ideal Conversation
2015-02-20T18:04:39.000Z,donnfelker.com,11,Fragmented – A Podcast for Android Developers
2015-02-20T18:07:10.000Z,theverge.com,2,Nokia saw the future but couldn't build it
2015-02-20T18:07:48.000Z,twitter.com,1,What I feel like programming with other people's libraries sometimes
2015-02-20T18:09:13.000Z,github.com,2,Nodever – a minimalistic node version manager
2015-02-20T18:09:26.000Z,techcrunch.com,8,The NSA Reportedly Stole Millions of SIM Encryption Keys to Gather Private Data
2015-02-20T18:10:11.000Z,play.google.com,1,Show HN: Polygon Match a tiny puzzle game(Android)
2015-02-20T18:10:22.000Z,bitbanter.com,5,Lenovo Under Sustained Man in Middle Management Attack
2015-02-20T18:13:50.000Z,hackerschool.com,45,A string of unexpected lengths
2015-02-20T18:17:05.000Z,deskstand.co,2,DeskStand
2015-02-20T18:19:03.000Z,nicolashery.com,6,Exploring Isomorphic JavaScript
2015-02-20T18:19:36.000Z,blogs.microsoft.com,1,KRBTGT Account Password Reset Scripts Now Available for Customers
2015-02-20T18:20:12.000Z,deadliestwebattacks.com,1,Cross-Site Tracing (XST): The misunderstood vulnerability
2015-02-20T18:21:50.000Z,ibiblio.org,2,The case of the 500-mile email
2015-02-20T18:21:52.000Z,goapprise.com,1,Content Marketing: How to Get More Bang for Your Buck
2015-02-20T18:22:32.000Z,imgur.com,2,Why I hate Google Calendar. Can't handle long titles
2015-02-20T18:22:52.000Z,nybooks.com,2,Scrawled Insults and Epiphanies
2015-02-20T18:22:54.000Z,recorderkickstarter.com,6,Record streaming radio other music and cell phone calls to MP3 -RecorderPlugin
2015-02-20T18:23:29.000Z,petapixel.com,1,Toshiba Shows Off Its Camera Module Prototypes for Google’s Project Ara Phone
2015-02-20T18:24:32.000Z,huffingtonpost.com,1,Students should collaborate in the classroom not compete
2015-02-20T18:24:33.000Z,swannodette.github.io,1,Transit-js Caching
2015-02-20T18:24:57.000Z,medievalbooks.nl,36,Cracking Codes in Medieval Books
2015-02-20T18:25:44.000Z,github.com,3,Show HN: Naringu – A Hacker like Jekyll theme
2015-02-20T18:26:09.000Z,jwj.org,4,In at Least 22 States Your Student Debt Could Cost You Your Job
2015-02-20T18:26:37.000Z,yobriefca.se,2,Review of Wake: a language aimed at testability expressiveness and typesafety
2015-02-20T18:26:41.000Z,segment.com,60,Building Building Blocks
2015-02-20T18:28:35.000Z,gapjumpers.me,1,What interview questions to ask a Python developer (intern)
2015-02-20T18:28:59.000Z,blog.speak.io,2,Using Timezone Offsets to Boost Team Productivity
2015-02-20T18:29:20.000Z,twitter.com,29,“The news web is straight trash”
2015-02-20T18:30:06.000Z,carpetbagger.blogs.nytimes.com,1,Probing the Mysteries of a Photographer and Her Images
2015-02-20T18:30:25.000Z,blog.datafiniti.co,13,Analyzing 400000+ Online Hotel Reviews Across the US
2015-02-20T18:31:29.000Z,toptal.com,6,Developing Mobile Applications with Apache Cordova
2015-02-20T18:33:24.000Z,paren.com,4,Isomorphic Clojure[Script] – Portable Code
2015-02-20T18:33:37.000Z,twitter.com,1,LinkedIn limiting number of searches for free profiles
2015-02-20T18:34:16.000Z,op-talk.blogs.nytimes.com,3,What If We Lost the Sky?
2015-02-20T18:34:24.000Z,mobilemyform.com,2,Show HN: MobileMyForm Turn Your Paper Forms into a Native Mobile App
2015-02-20T18:35:54.000Z,solidwallsapp.com,2,Show HN: Solid Walls – Random solid colour wallpapers for your Mac
2015-02-20T18:36:26.000Z,contrastly.com,1,The Tao of Photography
2015-02-20T18:36:40.000Z,www2.keil.com,2,ARM Cortex M4 Design Contest
2015-02-20T18:36:48.000Z,vox.com,2,8 ways Obamacare has proved its critics wrong
2015-02-20T18:37:07.000Z,businessinsider.in,1,A LOT of tech workers are being bullied at work
2015-02-20T18:38:48.000Z,dtelepathy.com,2,My First 90 Days as a UX Designer
2015-02-20T18:41:04.000Z,defenseone.com,2,Interview with a U.S. Intelligence Community Privacy Officer
2015-02-20T18:41:07.000Z,blog.aha.io,2,Show HN: Give Your Logo Some Love…Add It and Your Brand Colors to Aha
2015-02-20T18:41:19.000Z,techcrunch.com,2,How a Startup Accidentally “Hacked” Shark Tank with a QR Code
2015-02-20T18:41:23.000Z,telegraph.co.uk,3,Guardian newspaper 'changed Iraq article to avoid offending Apple'
2015-02-20T18:44:07.000Z,github.com,5,Show HN: Ko-calendar – A datetime picker built with knockout.js
2015-02-20T18:45:54.000Z,appreviewcentral.net,4,Where Is Mobile Security Headed This Year?
2015-02-20T18:47:01.000Z,takingnote.blogs.nytimes.com,2,AT&T: Putting a Price on Privacy – $29
2015-02-20T18:47:24.000Z,mikeash.com,1,Let's Build synchronized
2015-02-20T18:47:56.000Z,jobtipsforgeeks.com,2,What I Learned After 15 Years as a Java Group Leader
2015-02-20T18:48:05.000Z,blog.samaltman.com,490,Startup advice briefly
2015-02-20T18:48:16.000Z,onthemedia.org,2,Vivek Wadhwa on TLDR
2015-02-20T18:48:20.000Z,newsweek.com,1,Diseases of the Mind (2003)
2015-02-20T18:48:57.000Z,johnnystartup.com,1,Startup Worker as Venture Capitalist
2015-02-20T18:49:05.000Z,simple.icouch.me,1,Pay for mental health therapy with Bitcoin
2015-02-20T18:49:36.000Z,nextshark.com,6,The 6 Tools We Use to Run a Company While 500 Miles Apart
2015-02-20T18:52:10.000Z,bloomberg.com,1,New Rock Band Game Said to Be Developed for Latest Consoles
2015-02-20T18:52:16.000Z,twitter.com,2,Just want to say how grateful I am for Bitbucket
2015-02-20T18:52:22.000Z,codeascraft.com,2,Re-Introducing Deployinator now as a gem
2015-02-20T18:53:44.000Z,facebook.github.io,2,Introducing Relay and GraphQL – Data Fetching for React Applications
2015-02-20T18:54:22.000Z,economist.com,1,Why negative interest rates won’t save the global economy
2015-02-20T18:54:41.000Z,blog.continuum.net,2,Amplify Your PR Efforts with Social Media: Quick and Easy Cheat Sheet
2015-02-20T18:56:47.000Z,vilcins.lv,1,Sublime Text Packages for Front-End Development
2015-02-20T18:58:59.000Z,pyvmmonitor.com,2,PyVmMonitor: Profiler GUI for Python
2015-02-20T18:59:06.000Z,thenextweb.com,2,Search engines doing food ordering :: Watch Out DOORDASH|ORDERAHEAD|ETC
2015-02-20T19:00:28.000Z,medium.com,14,How to Avoid Issues That Could Kill Your Product
2015-02-20T19:00:44.000Z,fastcodesign.com,1,How a Story from World War II Shapes Facebook Today
2015-02-20T19:02:33.000Z,aeon.co,16,Dark Leviathan
2015-02-20T19:02:44.000Z,thanktheacademy.herokuapp.com,4,Generate a random Oscar thank you speech
2015-02-20T19:02:46.000Z,thatsjavainfo.com,3,Creating Android Menus
2015-02-20T19:03:03.000Z,,7,Should I invest $100K in a startup for 3% equity? – pre money valuation is $20M
2015-02-20T19:03:07.000Z,mushroomnetworks.com,1,Strategies and Reasons for Implementing Hybrid Cloud
2015-02-20T19:03:09.000Z,viz.adrian.pw,2,Simulate galactic potentials and mergers
2015-02-20T19:04:52.000Z,changethis.com,1,Why Technologists Should Work for Themselves [pdf]
2015-02-20T19:07:48.000Z,macrumors.com,1,Apple Aiming to Begin Electric Car Production in 2020
2015-02-20T19:08:27.000Z,motherboard.vice.com,1,Why Does the Tomato-Potato Plant Exist?
2015-02-20T19:08:51.000Z,motherboard.vice.com,1,The Bleak Science Bankrolled by the Pentagon
2015-02-20T19:10:39.000Z,learn.exponential.io,1,Show HN: (FREE) Course on Python REST API Development
2015-02-20T19:11:03.000Z,blog.bigml.com,1,Visualize Your Data with Dynamic Scatterplots
2015-02-20T19:11:21.000Z,platter.pocoo.org,1,Platter is a deployment helper for Python
2015-02-20T19:13:40.000Z,,12,Ask HN: What do you hate about finding a new job?
2015-02-20T19:14:46.000Z,economist.com,1,Why flu shots are a lottery
2015-02-20T19:15:02.000Z,medium.com,15,We’re shutting down Tiiny
2015-02-20T19:19:01.000Z,news.yahoo.com,1,Antartica Post Office looking for job applicants
2015-02-20T19:19:44.000Z,nextshark.com,5,This Stunning Time Lapse Video of Dubai Will Leave You Speechless
2015-02-20T19:20:02.000Z,v2.polarr.co,42,Polarr v2 – free web-based photo editor
2015-02-20T19:20:32.000Z,old.siggraph.org,1,Computer Graphics in Court: The Adobe/Quantel Case (1998)
2015-02-20T19:21:08.000Z,icir.org,1,A Tangled Mass: The Android Root Certificate Stores [pdf]
2015-02-20T19:22:08.000Z,nytimes.com,1,The Upside of Waiting in Line
2015-02-20T19:22:21.000Z,fabian-kostadinov.github.io,2,How I Created a Simple DBMS Using GitHub Jekyll Prose and Heroku
2015-02-20T19:22:23.000Z,noredinktech.tumblr.com,11,Don’t Replace CoffeeScript with ES6 Transpilers
2015-02-20T19:28:05.000Z,around.com,1,Bots on Patrol
2015-02-20T19:29:32.000Z,avclub.com,2,Get your semi-legal jams on with the best in keygen music
2015-02-20T19:32:45.000Z,dribbble.com,3,No One Likes a Bad Pitch: How to Tell a Story with Your Pitch Deck
2015-02-20T19:34:38.000Z,techcrunch.com,2,Siri founders' new startup Viv raises a $12.5M B round before it has a product
2015-02-20T19:35:13.000Z,robots.thoughtbot.com,3,Announcing Goal-Oriented Git
2015-02-20T19:36:30.000Z,security.howellsonline.ca,2,Think Like a Cyber Security General
2015-02-20T19:36:45.000Z,tiempoapp.com,2,How to Pay Independent Contractors
2015-02-20T19:37:55.000Z,wiki.mozilla.org,1,Mozilla on Key management
2015-02-20T19:39:09.000Z,rationalwiki.org,2,RationalWiki – Analyzing and refuting the anti-science movement
2015-02-20T19:39:33.000Z,insidehook.com,3,This Is Warren Buffett’s Portfolio. Not Kidding
2015-02-20T19:42:52.000Z,wsj.com,8,Can an App Be Too Successful? Ask ‘Trivia Crack’
2015-02-20T19:43:39.000Z,fightland.vice.com,1,Street Fighter in the UFC: Hadoukens and Izuna Drops
2015-02-20T19:44:21.000Z,devopsleague.com,3,DevOps League: Certification by the Industry's Leading Thought Lords
2015-02-20T19:45:15.000Z,mobile.reuters.com,2,Hack gave U.S. and British spies access to billions of phones: Intercept
2015-02-20T19:46:38.000Z,gromf.com,1,Gromf web/iOS: organize events and invite without collection of personal data
2015-02-20T19:48:43.000Z,,1,Ask HN: Who's using CD?
2015-02-20T19:49:34.000Z,stackshare.io,49,How FarmLogs Is Building Software to Power the Future of Farming
2015-02-20T19:49:40.000Z,matadornetwork.com,3,26 signs you were born and raised in Germany
2015-02-20T19:50:20.000Z,kpcbfellows.com,1,KPCB Fellows Challenge
2015-02-20T19:50:56.000Z,medium.com,1,Exploit Nginx Access Log with Rsyslog Logstash ElasticSearch and Kibana
2015-02-20T19:52:37.000Z,makezine.com,1,How to Use Digital Potentiometers to Control Light and Sound
2015-02-20T19:53:23.000Z,theautomatedstore.com,1,Ruby on Rails as a Physical Machine
2015-02-20T19:55:56.000Z,zdnet.com,4,Canonical Partners with Amazon Microsoft and Others on Internet of Things
2015-02-20T19:56:39.000Z,,1,Ask HN: Would You Read a Book on Hacking Your Salary If I Wrote It?
2015-02-20T19:56:57.000Z,buzzfeed.com,1,It’s Already Over and Uber Has Won
2015-02-20T19:57:13.000Z,github.com,2,Unicum a restful server for unique id generation
2015-02-20T19:59:08.000Z,youtube.com,4,Erlang – Building Blocks for Global Distributed Systems [video]
2015-02-20T19:59:32.000Z,,9,Ask HN: Quit startup and they still using me on the deck to raise money
2015-02-20T19:59:34.000Z,metova.com,1,What does it mean to be accountable?
2015-02-20T20:01:03.000Z,quora.com,13,How do you make programmers work 60-80 hours per week?
2015-02-20T20:05:08.000Z,bfi.uchicago.edu,2,When To Quit? Force a Moment of Truth (Steven Levitt Econ Perspective)
2015-02-20T20:07:32.000Z,soundcloud.com,2,A great exercise in how never to sell something to anyone. Ever
2015-02-20T20:11:23.000Z,darksidedetective.com,1,Darkside Detective Demo
2015-02-20T20:11:38.000Z,blog.rust-lang.org,171,Announcing Rust 1.0-alpha2
2015-02-20T20:12:59.000Z,ir.netflix.com,313,Netflix Long Term View
2015-02-20T20:13:51.000Z,sploid.gizmodo.com,1,Amazing golden era NASA photographs you never get to see
2015-02-20T20:16:59.000Z,colorkit.maketheweb.pl,1,ColorKit – Revolutionary colors management in Photoshop
2015-02-20T20:17:26.000Z,ooc-lang.org,2,Ooc is a small programming language that compiles to C99
2015-02-20T20:19:31.000Z,zeltser.com,5,Experimenting with Honeypots Using the Modern Honey Network
2015-02-20T20:19:51.000Z,digitalocean.com,5,Taming Your Go Dependencies
2015-02-20T20:24:09.000Z,uspread.net,2,uSpread – The Anonymous Location-Based Social Network
2015-02-20T20:27:47.000Z,sanfrancisco.cbslocal.com,1,How Uber's Autonomous Cars Will Destroy 10M Jobs and Reshape the Economy by 2025
2015-02-20T20:27:54.000Z,waterstones.com,148,British bookseller hides reading list for developers in its website source code
2015-02-20T20:27:59.000Z,everydaycarry.com,23,What I carry with me every day: Erik Spiekermann
2015-02-20T20:28:03.000Z,blog.abhinav.ca,7,Akka Streams: Fetch 1M Twitter profiles in less than 5min
2015-02-20T20:30:21.000Z,medium.com,2,How to Become a Badass iOS Developer
2015-02-20T20:32:29.000Z,github.com,1,Fork-a-Wiki: A simple version-controlled Wiki for GitHub users
2015-02-20T20:33:45.000Z,facebook.github.io,1,Introducing Relay and GraphQL
2015-02-20T20:39:10.000Z,mongodb.com,2,Using MongoDB with Hadoop and Spark: Part 3 – Spark Example and Key Takeaways
2015-02-20T20:40:47.000Z,drudge.com,2,Gates Trust Sells $1B in McDonald's Stock
2015-02-20T20:48:25.000Z,wsj.com,2,The New White Flight in Silicon Valley
2015-02-20T20:49:15.000Z,ecorner.stanford.edu,1,Mercenaries and Missionaries
2015-02-20T20:52:15.000Z,github.com,1,Show HN: I built a Twitterbot to post Peter Kim's XSS payloads (walkthrough)
2015-02-20T20:54:54.000Z,twitter.com,4,Chrome needs 30MB to constantly listen for me MAYBE someday saying “OK Google?”
2015-02-20T20:57:55.000Z,johndcook.com,2,The opposite of an idiot
2015-02-20T21:00:32.000Z,blog.boramalper.org,1,Object System (an Object Oriented Approach to the File Systems)
2015-02-20T21:02:12.000Z,cocktailjs.github.io,1,CocktailJS – Why Annotations?
2015-02-20T21:02:40.000Z,getrevue.co,1,My Weekly Newsletter Digest
2015-02-20T21:05:32.000Z,arstechnica.com,2,FDA allows 23AndMe to use its genetic kits to test for Bloom Syndrome
2015-02-20T21:07:00.000Z,medium.com,38,Unicorns vs. Horses: Why I Want to Be In-N-Out Burger Not McDonalds
2015-02-20T21:08:57.000Z,vreplay.mozilla.com,2,Tighter host OS integration for web apps [5:59]
2015-02-20T21:09:06.000Z,betaboston.com,1,Crayon launches website design palette for UX UI marketers
2015-02-20T21:09:13.000Z,nytimes.com,25,The Government’s Bad Diet Advice
2015-02-20T21:11:39.000Z,nasa.gov,2,NASA ESA Telescopes Give Shape to Furious Black Hole Winds
2015-02-20T21:12:37.000Z,iafrikan.com,1,Digital Safety and Implicit Privacy
2015-02-20T21:14:15.000Z,buzzfeed.com,2,Uber Takes a Deep Data Dive on Its Drivers
2015-02-20T21:17:02.000Z,bodhilinux.com,2,Bodhi Linux 3.0.0 Release
2015-02-20T21:17:09.000Z,azure.microsoft.com,3,The first Azure hosted service that runs on Linux
2015-02-20T21:18:15.000Z,osnews.com,1,Russian researchers expose breakthrough in US spying program
2015-02-20T21:20:53.000Z,revboss.com,1,How Many Customers Should I Get from My Outbound Sales Program?
2015-02-20T21:24:14.000Z,ma.ttias.be,2,Tearing Down Lenovo’s Superfish Statement
2015-02-20T21:25:21.000Z,arstechnica.com,2,Linux has 2000 new developers and gets 10000 patches for each version
2015-02-20T21:29:37.000Z,pcworld.com,1,LibreOffice and OpenOffice for FirefoxOS
2015-02-20T21:35:23.000Z,zdziarski.com,1,Superfish Spyware Also Available on iOS and Android
2015-02-20T21:35:30.000Z,nostarch.com,2,The GNU Make Book Early Access
2015-02-20T21:36:39.000Z,honeyflow.com,149,Flow Hive: Honey on Tap Directly from Your Beehive
2015-02-20T21:36:53.000Z,abc.net.au,7,Rare 'Doctor Who' Synthesiser EMS Synthi 100 Restored in Melbourne
2015-02-20T21:37:49.000Z,wikivinci.com,3,Wikivinci Explores Free Crowdsourced Online Courses
2015-02-20T21:38:46.000Z,arxiv.org,4,Scalable Bayesian Optimization Using Deep Neural Networks
2015-02-20T21:41:08.000Z,gist.github.com,2,Komodia's ring-0 rootkit could be abused by malware
2015-02-20T21:42:24.000Z,linkedinclassactionsettlement.com,2,LinkedIn emails premium users class action settlement information
2015-02-20T21:45:08.000Z,github.com,4,Stetho: A debug bridge for Android applications
2015-02-20T21:45:30.000Z,arstechnica.com,1,How hackers could attack hard drives to create a pervasive backdoor
2015-02-20T21:47:29.000Z,fortune.com,3,The hype over driverless cars: is it overdone?
2015-02-20T21:51:09.000Z,draftapp.com,1,The Amazing ETF
2015-02-20T21:51:22.000Z,github.com,1,HTML5 outliner
2015-02-20T21:52:00.000Z,blog.filippo.io,29,Komodia/Superfish SSL Validation is broken
2015-02-20T21:55:21.000Z,getrevue.co,1,Revue – Your weekly digest. Automated
2015-02-20T21:55:53.000Z,github.com,3,Simple Serviceworker tutorial
2015-02-20T21:59:06.000Z,nytimes.com,1,Global Warming Could Make the Super-Rich Jealous of Rowhouse Residents
2015-02-20T22:00:56.000Z,medium.com,2,A SPDYer web page…
2015-02-20T22:01:04.000Z,singhrahul.com,2,Compete Only with Yourself
2015-02-20T22:03:08.000Z,observer.com,4,Bitcoin crime spree in NYC
2015-02-20T22:03:17.000Z,all3dp.com,1,Review of the zortrax 3d printer
2015-02-20T22:06:53.000Z,,1,Ask HN: Which general science magazine is the best?
2015-02-20T22:07:16.000Z,twitter.com,1,Windows Defender now removes Superfish
2015-02-20T22:08:12.000Z,lucene.apache.org,1,Apache Solr 5 Released
2015-02-20T22:08:25.000Z,zdziarski.com,4,Superfish Spyware Also Available for iOS and Android
2015-02-20T22:08:37.000Z,forerunnerdb.com,5,ForerunnerDB.js
2015-02-20T22:11:10.000Z,blogs.wsj.com,1,Samsung Gear VR Review: A Shallow Dip into the Virtual Pool
2015-02-20T22:13:09.000Z,motherboard.vice.com,1,How Dark Matter Could Have Helped Kill the Dinosaurs
2015-02-20T22:13:27.000Z,motherboard.vice.com,2,What Is HTTP/2 and Why Should You Care About It?
2015-02-20T22:14:08.000Z,spectrum.ieee.org,4,An app that reduces traffic in rush hours by 20%
2015-02-20T22:14:20.000Z,web.stcloudstate.edu,1,GPS Operations Contradict the Two Principles of Special Relativity [pdf]
2015-02-20T22:14:27.000Z,guykawasaki.com,3,The Art of Evangelism
2015-02-20T22:14:38.000Z,borderlands-books.blogspot.com,5,An Opportunity for Borderlands to Stay Open
2015-02-20T22:17:15.000Z,medium.com,3,How Mathematicians Make Breakthroughs
2015-02-20T22:18:28.000Z,esheavyindustries.com,2,Does it really need to be a new project?
2015-02-20T22:19:36.000Z,coindispenser.com,1,Chawly Changer: small device to hold $1.34 in coins
2015-02-20T22:19:38.000Z,storyofstuff.org,2,Story of Stuff
2015-02-20T22:21:30.000Z,techcrunch.com,4,Google launches Security scanner
2015-02-20T22:23:20.000Z,gizmodo.com,1,The Father of the Internet Has a Plan to Future-Proof Computers
2015-02-20T22:25:29.000Z,theguardian.com,1,Randomly generated tweet by bot prompts investigation by Dutch police
2015-02-20T22:26:28.000Z,developer.ubuntu.com,3,Ubuntu Phone porting guide
2015-02-20T22:26:55.000Z,going.green,1,New gTLD .green launched
2015-02-20T22:27:06.000Z,krugman.blogs.nytimes.com,1,The Long Cryptocon (2014)
2015-02-20T22:29:05.000Z,npoex.green,1,NPOEx.green – color-coding causes step towards stock exchange for non-profits
2015-02-20T22:29:18.000Z,blog.kaspersky.com,1,Desert Falcons: The Middle East’s Preeminent APT
2015-02-20T22:31:27.000Z,overcomingbias.com,1,Financing Starships (2013)
2015-02-20T22:32:20.000Z,programmingpraxis.com,1,Morris Counting
2015-02-20T22:33:35.000Z,arstechnica.com,4,Photographer sued by patent troll for “Online Contests”
2015-02-20T22:36:08.000Z,mashable.com,6,Android malware spies on you even after phone is shut down
2015-02-20T22:39:08.000Z,draftapp.com,1,Features That Set Draft Apart
2015-02-20T22:39:10.000Z,,59,Ask HN: Would the job postings be better with comments?
2015-02-20T22:40:45.000Z,nytimes.com,2,‘Why Not Us Women?’
2015-02-20T22:42:26.000Z,medium.com,3,Starting Up Security
2015-02-20T22:45:35.000Z,blogs.msdn.com,1,Dancing the night away with Kinect v2
2015-02-20T22:46:55.000Z,fontfeed.com,75,Google Webfonts the Spy Inside?
2015-02-20T22:47:31.000Z,forbes.com,2,5 Things Chinese New Year Reveals About the World's Most Vibrant Economy
2015-02-20T22:49:11.000Z,stewd.io,5,Airborne
2015-02-20T22:53:45.000Z,strategicstudiesinstitute.army.mil,1,Lying to Ourselves: Dishonesty in the Army Profession
2015-02-20T22:55:27.000Z,,1,Post-oculus idea – use magnetic fluid inside inner ear to simulate acceleration
2015-02-20T22:58:47.000Z,techcrunch.com,1,Viv built by Siri's creators is an AI tech that can teach itself
2015-02-20T23:01:09.000Z,techcrunch.com,1,Viv Built by Siri’s Creators Scores $12.5M for AI That Can Teach Itself
2015-02-20T23:01:32.000Z,chronicle.com,1,Stalin: The Tyrant as Editor
2015-02-20T23:04:38.000Z,wired.com,1,Pixar and Google Employees Are Vaccinating Their Kids Say Pixar and Google
2015-02-20T23:06:51.000Z,developers.corvisa.com,8,Voice application code challenge – $2500 cash
2015-02-20T23:06:56.000Z,weather.com,1,The Science Behind Naming Winter Storms at the Weather Channel
2015-02-20T23:10:17.000Z,infoworld.com,8,Node.js fork JXcore goes open source aims for mobile developers
2015-02-20T23:10:25.000Z,squeezefile.com,2,SqueezeMail MS Outlook addin
2015-02-20T23:10:52.000Z,techtimes.com,1,How Tropical Fire Ants Traveled the World in the 16th Century
2015-02-20T23:10:55.000Z,codingthewheel.com,99,StackOverflow Considered Harmful?
2015-02-20T23:14:54.000Z,nytimes.com,1,Dropcam Keeps an Eye on the Neighborhood
2015-02-20T23:15:25.000Z,indiegogo.com,2,A year without God
2015-02-20T23:15:33.000Z,,1,Creating a resilient web business
2015-02-20T23:16:37.000Z,stratechery.com,1,Redmond and Reality
2015-02-20T23:18:54.000Z,bloomberg.com,8,Microsoft CEO Satya Nadella Looks to a Future Beyond Windows
2015-02-20T23:19:10.000Z,techtimes.com,1,New Species of Seadragon Discovered Off Australian Coast
2015-02-20T23:21:04.000Z,newscientist.com,1,Glassed-in DNA makes the ultimate time capsule
2015-02-20T23:21:30.000Z,,1,Ask HN: Is there an appthat can server render to SVG controlled via browser?
2015-02-20T23:23:24.000Z,programmar.io,12,Programmar Beta
2015-02-20T23:24:15.000Z,nytimes.com,4,The Reality of Quantum Weirdness
2015-02-20T23:24:28.000Z,linkedin.com,2,The Importance of Observing Behaviour – Davinder C. Singh
2015-02-20T23:26:01.000Z,,1,Ask HN: UK Alternative to Delaware C Corp and Clerky
2015-02-20T23:28:40.000Z,,2,Ask HN: What's the best Cordova-compatible hot code push system besides Meteor?
2015-02-20T23:29:35.000Z,blog.spoxr.com,1,My First Meeting at Toronto's MaRS Venture Services
2015-02-20T23:30:18.000Z,bitcoinbuilder.com,2,BitcoinBuilder offers to buy your goxBTC for 0.11 BTC
2015-02-20T23:32:11.000Z,mail-index.netbsd.org,2,Tech-security: How to determine if a sequence of 200 heads/tails is random | not
2015-02-20T23:33:45.000Z,leto.electropoiesis.org,1,The Different Types of Open
2015-02-20T23:40:06.000Z,linuxcommando.blogspot.com,1,What to do next after spinning up a Debian VPS
2015-02-20T23:40:51.000Z,wired.com,1,Toshiba's Chromebook for $330
2015-02-20T23:41:32.000Z,dribbble.com,1,It's the Final Dribbble
2015-02-20T23:43:08.000Z,gateway.ipfs.io,103,IPFS Alpha Demo – Distributed Web
2015-02-20T23:43:20.000Z,leadership-bootcamp.kickoffpages.com,1,3-Day Startup Leadership Bootcamp
2015-02-20T23:43:53.000Z,priceonomics.com,1,What Is Google’s Market Share for Search?
2015-02-20T23:44:14.000Z,pando.com,1,Meet FounderDating Discuss: a Q&A platform for entrepreneurs by entrepreneurs
2015-02-20T23:47:13.000Z,gohighbrow.com,5,Free Email Course “The Basics of Growth Hacking and User Acquisition”
2015-02-20T23:47:29.000Z,threatexchange.fb.com,2,ThreatExchange
2015-02-20T23:48:37.000Z,newyorker.com,1,In Cold Blood: The Last to See Them Alive
2015-02-20T23:51:09.000Z,buytaert.net,1,Dries Buytaert: Making-drupal-8-fly
2015-02-20T23:51:26.000Z,medium.com,58,The Last of the Typewriter Men
2015-02-20T23:54:38.000Z,twitchcon.com,2,TwitchCon
2015-02-20T23:55:32.000Z,firstlook.org,3,European Lawmakers Demand Answers on Phone Key Theft
2015-02-20T23:56:04.000Z,twitter.com,11,Microsoft invokes nuclear option on Superfish
2015-02-20T23:57:18.000Z,outsideonline.com,2,A Liar Standing Next to a Hole in the Ground: Gold Mining in Arizona
2015-02-20T23:58:15.000Z,rollingstone.com,1,The White Devil Kingpin: How John Willis Became a Chinatown Overlord
2015-02-20T23:58:22.000Z,knightscope.com,2,Knightscope K5 – MaaS $6.25/hr security robot
2015-02-20T23:59:27.000Z,telegraph.co.uk,1,Britons can now buy Dell computers with Bitcoin
2015-02-21T00:02:40.000Z,techcrunch.com,107,Rescue Forensics (YC W15) Helps Law Enforcement Find Victims of Sex Trafficking
2015-02-21T00:05:38.000Z,suprsede.com,2,Show HN: Suprsede – Embed realtime chat into your website
2015-02-21T00:08:04.000Z,fusion.net,1,Tech Behind Bars
2015-02-21T00:08:34.000Z,courses.platzi.com,51,“Startup Advice” a live class by Sam Altman tomorrow (2/21) 1:00pm PT
2015-02-21T00:08:56.000Z,gizmodo.com,3,This Laptop with a Mechanical Keyboard Is Delightfully Crazy
2015-02-21T00:09:36.000Z,bbc.com,13,Fire rips through Dubai skyscraper
2015-02-21T00:09:45.000Z,espn.go.com,2,A Life on the Line: How Billy Walters Became Sports' Most Successful Bettor
2015-02-21T00:11:27.000Z,vanityfair.com,8,Darkness Visible (1989)
2015-02-21T00:17:47.000Z,nymag.com,2,What Happens When Rich People Marry Poor People
2015-02-21T00:18:13.000Z,insightfulinteraction.com,105,World's Top Arms Exporters Visualized
2015-02-21T00:20:55.000Z,washingtonpost.com,1,To Shill a Mockingbird: How a manuscript discovery became Harper Lee’s new novel
2015-02-21T00:24:06.000Z,plan9.bell-labs.com,2,Alternative window system (Plan 9 wiki)
2015-02-21T00:24:26.000Z,plan9.bell-labs.com,4,GSoC-2015-ideas (Plan 9 wiki)
2015-02-21T00:25:40.000Z,slate.com,3,I Am an Audiophile and I Won’t Apologize for It
2015-02-21T00:27:33.000Z,linuxveda.com,4,Your SIM card is probably hacked by NSA and colonial cousin GCHQ
2015-02-21T00:31:01.000Z,washingtonpost.com,3,The flawed ‘science’ of bite mark analysis
2015-02-21T00:37:16.000Z,en.wikipedia.org,2,Virtual reality sickness
2015-02-21T00:39:52.000Z,neat.io,4,Bee: Issues App for GitHub Jira and More
2015-02-21T00:56:51.000Z,facebook.com,263,Windows SSL Interception Gone Wild
2015-02-21T00:59:30.000Z,github.com,3,React Native source
2015-02-21T01:05:36.000Z,collectorsweekly.com,22,Capturing a Generation of Aviation Geniuses and Their Flying Machines
2015-02-21T01:08:12.000Z,nodeschool.io,3,NodeSchool International Day
2015-02-21T01:10:29.000Z,,7,Running a recipe website traffic seem promising?
2015-02-21T01:11:33.000Z,smartwatch.me,3,Leaked Photos of New Pebble Color
2015-02-21T01:19:22.000Z,arstechnica.com,4,Time Warner Cable calls customer “C**t” after she reports cable box problem
2015-02-21T01:21:07.000Z,linkedin.com,2,A Lesson on Growth Hacking from Plummet Free Fall
2015-02-21T01:24:18.000Z,ryanbrink.com,7,Be a better more efficient leader: stop lying
2015-02-21T01:28:23.000Z,typeocaml.com,3,Functional Pearl No.2 – The Max Number of Surpassers
2015-02-21T01:29:46.000Z,thebeaker.org,10,How Rectal Thermometers and Antarctic Excursions Gave Us “Wind Chill”
2015-02-21T01:29:53.000Z,techcrunch.com,4,Lenovo Releases Tool to Remove SuperFish
2015-02-21T01:29:55.000Z,youtube.com,5,Learn Lua in One Hour
2015-02-21T01:38:02.000Z,github.com,102,Lenovo's SuperFish Removal Tool on GitHub
2015-02-21T01:47:11.000Z,ideatoappbook.com,2,Free iOS Designing Sketch Paper
2015-02-21T01:49:16.000Z,superfished.com,11,Quick Guide to Lenovo's Superfish Adware
2015-02-21T01:51:37.000Z,restlet.com,4,GRIP real-time API protocol needed?
2015-02-21T01:55:57.000Z,github.com,2,Lenovo's Superfish Removal Tool Source Code
2015-02-21T01:59:52.000Z,medium.com,117,DIY: kernel panic OS X and iOS in 10 LOC
2015-02-21T02:05:25.000Z,thenextweb.com,21,Superfish CEO admits to installing root certificate to show ads on secure sites
2015-02-21T02:10:17.000Z,code-experience.com,2,Async requests with React.js and Flux revisited
2015-02-21T02:11:54.000Z,academia.edu,3,Misplaced: Ethics and the Photographs of Vivian Maier
2015-02-21T02:21:02.000Z,linuxveda.com,2,SUSE brings its own Open Source storage solution
2015-02-21T02:21:21.000Z,benstopford.com,10,Log Structured Merge Trees
2015-02-21T02:21:41.000Z,sputniknews.com,8,‘Redditors' Reportedly Leaving Site Over Free Speech Concerns
2015-02-21T02:33:40.000Z,blog.elsdoerfer.name,5,React.js Flux Om: I am trying to think it through
2015-02-21T02:34:17.000Z,us-cert.gov,3,Homeland Security: Lenovo Superfish Adware Vulnerable to HTTPS Spoofing
2015-02-21T02:35:05.000Z,raisingyourgeek.com,2,Raising Your Geek
2015-02-21T02:48:10.000Z,vub.ac.be,7,Application of quantum statistics in psychological studies of decision processes [pdf]
2015-02-21T02:48:12.000Z,,17,Crapware – Satya Nadella needs to sort this crap out. It's not good for Windows.
2015-02-21T02:49:51.000Z,openculture.com,118,What Books Could Be Used to Rebuild Civilization?
2015-02-21T02:55:38.000Z,latimes.com,3,Cholesterol is back on the menu in new federal dietary guidelines
2015-02-21T02:57:03.000Z,fortune.com,5,The death of Austin Ventures
2015-02-21T03:13:13.000Z,github.com,85,Rust-media a portable media player framework for Rust
2015-02-21T03:14:52.000Z,,4,Anyone else see Google Apps/Gmail autocomplete contacts reordered?
2015-02-21T03:17:14.000Z,motherboard.vice.com,2,Hunter Moore Is Going to Jail but Not for Revenge Porn
2015-02-21T03:17:30.000Z,motherboard.vice.com,5,The Company Suing Apple Made Batteries for a Crappy Tesla Knockoff
2015-02-21T03:18:22.000Z,vogue.com,131,Sarah Harrison the WikiLeaks Editor Who Helped Hide Edward Snowden
2015-02-21T03:22:03.000Z,philosophicalhacker.com,5,Why Ayn Rand’s Psychology Is Probably Wrong (or Trivial)
2015-02-21T03:24:55.000Z,developedbytom.com,3,Context Sensitve WordPress Configs
2015-02-21T03:27:17.000Z,io9.com,5,How Much Longer Before Companies Start to Run Themselves?
2015-02-21T03:41:47.000Z,crowdfundinsider.com,3,Crowdfunding on TV Mailbird Among the 8 Finalists on Startup Show
2015-02-21T03:42:25.000Z,fostr.com,2,Fostr: Share the Creative Projects You've Always Wanted to Finish
2015-02-21T03:55:08.000Z,amiga-news.de,4,Cloanto confirms transfers of Commodore/Amiga copyrights
2015-02-21T03:56:26.000Z,failswitch.com,3,Show HN: Failswitch – never worry about downtime again
2015-02-21T03:57:34.000Z,forbes.com,3,FDA lets 23andMe market genetic tests to consumers reversing previous decision
2015-02-21T03:57:44.000Z,bbc.com,3,How to spot a Russian bomber
2015-02-21T03:58:52.000Z,tomtunguz.com,63,The Rising Costs of Scaling a Startup in San Francisco
2015-02-21T04:00:16.000Z,symantec.com,87,Gogo Inflight Internet is Intentionally Issuing Fake SSL Certificates
2015-02-21T04:04:41.000Z,github.com,5,Show HN: Websockets proxy server written in haskell
2015-02-21T04:07:09.000Z,,3,Pair natives to teach each other language use data to train algorithms?
2015-02-21T04:09:20.000Z,washingtonpost.com,4,What ‘The Imitation Game’ didn’t tell you about Alan Turing’s greatest triumph
2015-02-21T04:09:28.000Z,jaxenter.com,3,What happens to programmers when they get old?
2015-02-21T04:14:45.000Z,blogs.wsj.com,46,How Latest Snowden Leak Is Headache for White House
2015-02-21T04:17:20.000Z,popsci.com,4,China Flies Its Largest Ever Drone: The Divine Eagle
2015-02-21T04:30:02.000Z,pcworld.com,7,How Intel and PC makers prevent you from modifying your laptop's firmware
2015-02-21T04:31:13.000Z,blog.flux7.com,2,If You Think Hiring an Expert Is Expensive Wait Until You Do It Wrong
2015-02-21T04:48:52.000Z,dotsies.org,1,Dotsies: a font that uses dots instead of letters
2015-02-21T05:06:48.000Z,sundeepgupta.ca,4,Making sure you get paid by your clients
2015-02-21T05:09:17.000Z,insightfulinteraction.com,5,World's Top Arms Importers Visualized
2015-02-21T05:10:24.000Z,nytimes.com,4,Did the Torture Report Give the C.I.A. A Bum Rap?
2015-02-21T05:20:22.000Z,arstechnica.com,4,Cable TV is speeding up its shows slightly to show you more ads
2015-02-21T05:23:46.000Z,producthunt.com,2,Limelight on Product Hunt
2015-02-21T05:28:47.000Z,hackerrank.com,26,The Zenhacks Challenge
2015-02-21T05:30:21.000Z,fourhourworkweek.com,4,From Dot-Com Zero to Hero: One Man’s Story (Reddit Co-Founder Story)
2015-02-21T05:31:27.000Z,en.wikipedia.org,9,The Emu War
2015-02-21T05:42:32.000Z,gamasutra.com,4,Finally some details about what Magic Leap actually is
2015-02-21T05:51:59.000Z,blog.erratasec.com,129,Exploiting the Superfish certificate
2015-02-21T05:52:44.000Z,superpedestrian.com,4,The Copenhagen Wheel transforms your bicycle into a smart electric hybrid
2015-02-21T06:05:46.000Z,blog.pickcrew.com,4,The growth hacking myth: Why we all need to slow down – Crew Blog
2015-02-21T06:09:40.000Z,rude.vc,35,How LINE is turning Instagram into an ecommerce app in Thailand
2015-02-21T06:15:28.000Z,blog.salsitasoft.com,4,Why We Don't Do Fixed-Price Software Projects (And Neither Should You)
2015-02-21T06:28:18.000Z,motherboard.vice.com,4,Mice Get Freakishly Large Brains Thanks to Human DNA
2015-02-21T06:29:24.000Z,philipotoole.com,4,Code Reviews Still Rule
2015-02-21T06:34:02.000Z,baweaver.com,10,The World Is a Functional Program
2015-02-21T06:36:56.000Z,nilssmithsolutions.com,2,The EConnect Conference Is Back
2015-02-21T06:50:15.000Z,paraschopra.com,2,How increased automation could lead to a happier and more egalitarian society
2015-02-21T07:21:20.000Z,github.com,26,ObjectiveSync – A thin Java object persistence layer for JDBC
2015-02-21T07:21:21.000Z,docker.party,2,Docker's Second Birthday: Open-Source-a-thon
2015-02-21T07:36:33.000Z,biospace.com,5,23andMe Wins FDA Approval for First Genetic Test Kit
2015-02-21T07:48:35.000Z,theverge.com,8,Microsoft has updated Windows Defender to root out the Superfish adware
2015-02-21T07:50:48.000Z,oliverelliott.org,172,An Introduction to Unix (2014)
2015-02-21T07:51:52.000Z,nordicstartupbits.com,2,Nordic Co-Working Spaces: SUP46
2015-02-21T07:56:49.000Z,,2,Try my new Quote iPhone App
2015-02-21T08:05:03.000Z,common-form.com,14,Why Do People Try So Hard to Avoid Paying Taxes?
2015-02-21T08:07:54.000Z,technologyreview.com,3,Magic Leap
2015-02-21T08:14:44.000Z,ruarai.me,2,A Map of Melbourne from 1966 + Current Google Maps
2015-02-21T08:15:15.000Z,github.com,4,MotionKit – Get sensor Data in iOS with just a two or a few lines of code
2015-02-21T08:18:15.000Z,github.com,3,Chess written in Bash
2015-02-21T08:31:13.000Z,techcrunch.com,53,Viv Built by Siri’s Creators Scores $12.5M for an AI Technology
2015-02-21T08:44:54.000Z,thewhatnoise.com,3,We are all click-baiters
2015-02-21T08:55:54.000Z,flowtype.org,4,Flow (JS type-checker by Facebook) no longer requires special language syntax
2015-02-21T09:01:17.000Z,fastcompany.com,3,Can Ello Finally Explain Its Existence?
2015-02-21T09:19:51.000Z,islisp.info,7,The ISLisp programming language
2015-02-21T09:25:50.000Z,dart.email,2,The killer app for the apple watch?
2015-02-21T09:30:28.000Z,zohaib.me,28,Elixir Cowboy with IIS 8
2015-02-21T09:32:00.000Z,en.wikipedia.org,18,List of authoritarian regimes supported by the United States
2015-02-21T09:35:32.000Z,go.godbolt.org,58,Interactive Go source to assembly
2015-02-21T09:38:36.000Z,,2,Ask HN: Remove and reinsert the SSD in Thinkpad T500 continues to run
2015-02-21T09:41:16.000Z,thedevline.com,2,Expose your self by making your professional profile in LinkedIn and tech.pro
2015-02-21T09:49:16.000Z,medium.com,5,It Would Be Weird If Apple *Wasn’t* Working on a Car
2015-02-21T09:54:56.000Z,amazon.com,2,Morphing: A Guide to Mathematical Transformations for Architects and Designers
2015-02-21T09:57:10.000Z,github.com,3,Show HN: RPC with plain Java interfaces over MQTT
2015-02-21T10:07:59.000Z,davidwalsh.name,2,Font Smoothing in Webkit and Firefox
2015-02-21T10:10:00.000Z,usablica.github.io,3,Intro.js: a guided tour for your webapp
2015-02-21T10:15:44.000Z,gamasutra.com,3,The History of Civilization (2007)
2015-02-21T10:29:19.000Z,facebook.com,2,Windows SSL Interception Gone Wild
2015-02-21T10:46:29.000Z,mobile.nytimes.com,19,The Reality of Quantum Weirdness
2015-02-21T10:53:34.000Z,spiegel.de,2,News Lab: Jeff Bezos Takes Washington Post into Digital Future
2015-02-21T10:59:13.000Z,calculla.com,3,Calculla: 50+ calculators done and growing
2015-02-21T11:04:19.000Z,economist.com,4,Established carmakers not tech firms will build the vehicles of the future
2015-02-21T11:06:42.000Z,gateway.ipfs.io,2,IPFS announced it's alpha version
2015-02-21T11:10:10.000Z,zencard.pl,4,Secure and automatic customer retention based on payments transactions
2015-02-21T11:12:51.000Z,medium.com,2,4 Steps to Giving Better Feedback
2015-02-21T11:25:54.000Z,,7,Ask HN: Why is learning to code difficult?
2015-02-21T11:35:15.000Z,sourceware.org,3,GDB 7.9 released
2015-02-21T11:38:12.000Z,kishanbagaria.com,4,Show HN: SmartCapsLock
2015-02-21T11:39:12.000Z,mantherapy.org,2,Man Therapy
2015-02-21T12:03:53.000Z,washingtonpost.com,64,How 25 years of Photoshop changed the way we see reality
2015-02-21T12:09:22.000Z,dogood.to,2,What good have you done today?
2015-02-21T12:13:41.000Z,vimeo.com,1,[Watch me code video] Coding the Corsair23 Project Part 2
2015-02-21T12:16:37.000Z,acfaruk.com,5,Show HN: Mandelbrot Explorer
2015-02-21T12:17:02.000Z,meowni.ca,145,Contributing to Chromium: An Illustrated Guide
2015-02-21T12:17:49.000Z,,8,Ask HN: Is hacker news unfair?
2015-02-21T12:26:54.000Z,spring.io,2,Spring Framework 4.1.5 released
2015-02-21T12:36:12.000Z,appserver.io,1,Wow Next-Generation Infrastructure APPSERVER is out with mind-boggling features
2015-02-21T12:38:14.000Z,hanselman.com,3,Changing perspectives on your job – Will you renew your boss for another season?
2015-02-21T12:39:02.000Z,react-native.org,2,React Native Nation: Discuss and Learn React Native
2015-02-21T12:45:04.000Z,phptoday.org,3,PhpToday – Daily php news
2015-02-21T12:50:35.000Z,github.com,1,Games in Vim: Sudoku Tetris and Sokoban
2015-02-21T12:59:32.000Z,casajasmina.arduino.cc,3,Casa Jasmina – The open source connected apartment
2015-02-21T12:59:42.000Z,iarc.fr,183,Most types of cancer not due to “bad luck” [pdf]
2015-02-21T13:02:35.000Z,infoq.com,3,How to Make JavaScript and the Web a Good Compilation Target
2015-02-21T13:11:49.000Z,github.com,37,A list of videos devoted to JavaScript
2015-02-21T13:15:41.000Z,howtoflyahorse.com,5,Without technology you'd be dead in days
2015-02-21T13:16:47.000Z,asserttrue.blogspot.com,2,Does EVERY kid need to learn to code?
2015-02-21T13:20:00.000Z,github.com,46,Clasp – Lisp on LLVM
2015-02-21T13:23:23.000Z,minutebutterfly.com,1,Clean Code
2015-02-21T13:32:06.000Z,blog.xiol.co.uk,2,Configuration Management Sucks
2015-02-21T13:33:15.000Z,react-native.org,18,React Native State of the Union
2015-02-21T13:38:27.000Z,giorgiosancristoforo.net,16,Making music with the Altair 8800
2015-02-21T13:46:54.000Z,aitabjamast.ee,2,Small game to promote Estonian e-elections
2015-02-21T13:49:08.000Z,zutesipdialer.com,3,Show HN: Zute SIP Dialer – Advanced VoIP Tunneling SIP Dialer
2015-02-21T13:50:03.000Z,wired.com,5,Etsy-not good for crafters
2015-02-21T13:50:47.000Z,thelocal.se,7,'Racist' bird names banned by Sweden
2015-02-21T13:53:42.000Z,femalefoundersconference.org,35,Female Founders Conference today at 1pm PT
2015-02-21T13:54:29.000Z,nytimes.com,7,Can amateur journalism bring justice to Rio's favelas?
2015-02-21T13:56:41.000Z,drdobbs.com,5,A Conversation with John Knoll (1998)
2015-02-21T14:04:03.000Z,github.com,2,Simple Bash linting tool
2015-02-21T14:06:48.000Z,venturebeat.com,3,Stripe launches Bitcoin support
2015-02-21T14:08:33.000Z,github.com,5,Show HN: Girl: Check your GitHub READMEs for broken links
2015-02-21T14:12:13.000Z,lauder.wharton.upenn.edu,2,2014 Global Go to Think Tank Index Report [pdf]
2015-02-21T14:16:00.000Z,arstechnica.com,4,SIM card makers hacked by NSA and GCHQ
2015-02-21T14:18:24.000Z,developer.apple.com,104,Mac Apps That Use Garbage Collection Must Move to ARC
2015-02-21T14:28:24.000Z,symmetrymagazine.org,4,Citizen scientists dive into particle physics and astrophysics research
2015-02-21T14:29:03.000Z,rt.com,3,ISIS using BitCoin to raise funds in the US
2015-02-21T14:33:04.000Z,,2,How can i get informations from a code
2015-02-21T14:34:38.000Z,research.microsoft.com,6,Computer Security in the Real World (2004)
2015-02-21T14:41:00.000Z,reuters.com,2,Hack gave U.S. and British spies access to billions of phones
2015-02-21T14:41:22.000Z,terraaustralis.herokuapp.com,2,Show HN: Australia Quiz (Sound)
2015-02-21T14:43:25.000Z,youtube.com,1,Barak Weichselbaum Komodia SSL Redirector founder tells his story
2015-02-21T14:45:05.000Z,cricketanalytics.io,3,Cricket Analytics – Dynamic and Fast way to get cricket statistics exploration
2015-02-21T14:45:12.000Z,theguardian.com,4,The charity making video games available for all
2015-02-21T14:46:20.000Z,nautil.us,128,We Might First Find Life on Tidally Locked Planets
2015-02-21T14:47:18.000Z,theguardian.com,46,The British amateur who debunked the mathematics of happiness (2014)
2015-02-21T14:51:01.000Z,shakesville.com,2,The Falsest of False Equivalencies
2015-02-21T14:53:22.000Z,plushforums.com,4,Show HN: A modern real-time forum platform for humans running on HHVM
2015-02-21T14:55:27.000Z,news.vice.com,2,The Soviet Union Dumped a Bunch of Nuclear Submarines and Reactors in Ocean
2015-02-21T14:56:09.000Z,medium.com,4,How Photography Bridged the Autism Gap Between Father and Son
2015-02-21T15:02:36.000Z,kurzweilai.net,61,An ingredient in olive oil that appears to kill cancer cells
2015-02-21T15:05:54.000Z,theatlantic.com,9,The Story of George Van Tassel’s Integratron
2015-02-21T15:07:43.000Z,theguardian.com,101,The Internet Shaming of Lindsey Stone
2015-02-21T15:08:08.000Z,thepirateboat.org,2,New Q&A Website for Hackers
2015-02-21T15:16:58.000Z,,136,Ask HN: How do I start with test driven development?
2015-02-21T15:21:31.000Z,theverge.com,3,Lenovo has just released an automatic Superfish removal tool
2015-02-21T15:22:19.000Z,,2,IT DEVELOPERS WANTED! New Venture - Berlin.
2015-02-21T15:35:44.000Z,,125,Google undeleted whocalled.us after a front page article on Hacker News
2015-02-21T15:36:10.000Z,notospy.com,1,Any hashtag is an instant chat room on this network
2015-02-21T15:45:22.000Z,chemheritage.org,15,Mummies and the Usefulness of Dead Bodies
2015-02-21T15:49:50.000Z,facebook.com,1,Crowdfunding pitch to media – an example
2015-02-21T15:49:59.000Z,psychologytoday.com,3,Meet Your Happy Chemicals [pdf]
2015-02-21T15:50:46.000Z,,2,Ask HN: Is there a tool to check the installed certificates on my computer?
2015-02-21T15:52:58.000Z,dynamic-data.org,1,Dynamic data taking rx somewhere new
2015-02-21T15:53:30.000Z,blog.chron.com,1,Most Americans Wouldn't Take a Trip to Space Even If It Was Free
2015-02-21T15:55:51.000Z,insightfulinteraction.com,4,World's Top Arms Producers Visualized
2015-02-21T15:58:24.000Z,theguardian.com,2,Why Do Hawking Gates and Musk See Danger in AI + IoT?
2015-02-21T16:02:15.000Z,washingtonpost.com,1,Cheap and you get an education not a degree
2015-02-21T16:02:51.000Z,gohighbrow.com,6,Philosophical Ideas That Everyone Should Know
2015-02-21T16:05:26.000Z,github.com,7,BrainfuckJS – Hide JavaScript behind &lt;|&gt; characters
2015-02-21T16:12:57.000Z,,13,Ask HN: Would you buy a Lenovo again after Superfish?
2015-02-21T16:16:58.000Z,conduct.me,1,Conduct saves time for musicians
2015-02-21T16:17:49.000Z,spin.atomicobject.com,2,Configuring a Git-Controlled Home Directory with Ansible
2015-02-21T16:20:02.000Z,mosquitto.org,1,Mosquitto[MQTT v3.1/v3.1.1 Broker] version 1.4 released with websocket support
2015-02-21T16:25:25.000Z,backed.io,2,Technology Across Generations
2015-02-21T16:26:32.000Z,arstechnica.com,2,New HPV vaccine is effective against 9 strains of the virus
2015-02-21T16:27:03.000Z,gist.github.com,2,Advise for teaching an R workshop
2015-02-21T16:30:50.000Z,github.com,147,GopherLua: VM and Compiler for Lua in Go
2015-02-21T16:31:29.000Z,trendschau.net,1,Imagine your browser becoming a content payment provider
2015-02-21T16:32:14.000Z,github.com,3,Show HN: Tuplecutter – heads and tails for your Scala tuples
2015-02-21T16:39:53.000Z,gnippets.com,1,Gnippets: An auto-compiling library of code snippets
2015-02-21T16:42:05.000Z,medium.com,3,What’s with the 50/72 rule?
2015-02-21T16:43:47.000Z,remindem.in,14,Show HN: Remind'em gives you the power to set reminders in your friends’ phones
2015-02-21T16:43:48.000Z,github.com,90,Gore: Yet another Go REPL that works nicely
2015-02-21T16:44:07.000Z,github.com,3,TurboRLE: Turbo Run Length Encoding
2015-02-21T16:44:33.000Z,twitter.com,10,Most high tech companies are founded by founded by First/2nd gen immigrants
2015-02-21T16:46:22.000Z,arstechnica.com,6,After iPad initiative failure school supe says LA can’t buy computers for all
2015-02-21T16:50:46.000Z,,1,Ask HN: What Are the Pros and Cons in Using Asguard?
2015-02-21T16:50:49.000Z,chinachange.org,1,Weibo is dying out
2015-02-21T16:56:25.000Z,heshamelmatary.blogspot.com,34,Thoughts on Supporting Rump Kernels on RTEMS
2015-02-21T17:00:00.000Z,,6,Ask HN: What are the benefits of a native desktop app vs. a web one?
2015-02-21T17:09:29.000Z,andreapaiola.name,2,Compact ed effective CSS animation loader
2015-02-21T17:10:53.000Z,nextgov.com,6,State Department Trashes 30000 Fobs After Hack
2015-02-21T17:12:45.000Z,calaos.fr,55,Calaos: Open Source Home Automation
2015-02-21T17:17:09.000Z,wired.com,7,Counterfeiting and the 3D Printing Revolution
2015-02-21T17:19:16.000Z,,49,Ask HN: Do you think software can be art?
2015-02-21T17:19:36.000Z,farnamstreetblog.com,1,Fooled by Randomness
2015-02-21T17:20:28.000Z,,1,Ask HN: What is design thinking?
2015-02-21T17:21:32.000Z,benjihyam.com,2,Distribution Tactics I used to go from 0 to 20000 Real Quick
2015-02-21T17:26:13.000Z,blog.peeja.com,2,Four ways to use React.js in ClojureScript
2015-02-21T17:26:37.000Z,oliverelliott.org,1,Basic Vim Commands Reference
2015-02-21T17:26:49.000Z,infoq.com,2,The Old New Old New Things (presentation better than title)
2015-02-21T17:27:53.000Z,thenextweb.com,5,HTTP/2 the first major change to HTTP in 16 years has been finalized
2015-02-21T17:32:38.000Z,motherboard.vice.com,3,Inside a Room Built for Total Silence
2015-02-21T17:32:58.000Z,motherboard.vice.com,3,What Parents Tell Their Kids When They Plan to Die on Mars
2015-02-21T17:34:36.000Z,stackoverflow.com,2,Git reset behavior
2015-02-21T17:37:19.000Z,medium.com,3,React.js: Facebook just taught us all how to build websites
2015-02-21T17:37:26.000Z,thisisbrians.svbtle.com,1,An Open Thank You Letter to Tim Ferriss (et al.)
2015-02-21T17:38:01.000Z,github.com,5,Show HN: Peach a file download cache for vagrant + https files
2015-02-21T17:39:20.000Z,awardstreet.com,2,Show HN: Award Street – Oscar history movies/people and live notifications
2015-02-21T17:42:26.000Z,youtube.com,1,David Nolen: Refracting React.js [video]
2015-02-21T17:43:22.000Z,weblooper.hackandstack.com,5,Show HN: WebLooper a simple loop station powered by Web Audio and WebRTC
2015-02-21T17:43:31.000Z,nytimes.com,1,NYC Micro Apartments Being Built
2015-02-21T17:50:36.000Z,blog.getpatchmania.com,28,Playtesting Mobile Games at the DMV
2015-02-21T17:52:26.000Z,mlive.com,1,Detroit 'yarn-bombed' with knit hats and scarves
2015-02-21T17:56:06.000Z,farnamstreetblog.com,1,Two types of ignorance
2015-02-21T17:57:02.000Z,security.stackexchange.com,2,How to be sure laptop's trusted certificates are safe
2015-02-21T17:58:45.000Z,chronicle.com,77,Stalin: The Tyrant as Editor
2015-02-21T17:59:45.000Z,blog.cleancoder.com,2,The Mode B Imperative and Uncle Bob's PDP-8 Emulator For the iPad
2015-02-21T18:01:35.000Z,arstechnica.com,13,Why memes succeed
2015-02-21T18:11:26.000Z,theguardian.com,5,Yanis Varoufakis: How I became an erratic Marxist
2015-02-21T18:14:01.000Z,outsideonline.com,40,A Liar Standing Next to a Hole in the Ground: Gold Mining in Arizona
2015-02-21T18:15:15.000Z,washingtonpost.com,31,Obama said people want secure mobile communications but NSA undermined that
2015-02-21T18:16:47.000Z,jeffreifman.com,94,You Can Spend $750 in International Data Roaming in One Minute on AT&T
2015-02-21T18:17:15.000Z,blogs.wsj.com,1,Bill Gurley: FOMO in the ‘Private IPO’ Market Is Fueling Valuations
2015-02-21T18:21:26.000Z,ecorner.stanford.edu,1,John Collison: Putting Startup Success in Perspective [video]
2015-02-21T18:23:15.000Z,tonsky.me,2,Streams: Mail 3.0
2015-02-21T18:24:53.000Z,,2,Ask HN: Raising a smarter electorate – How?
2015-02-21T18:25:13.000Z,theguardian.com,120,Inside the food industry
2015-02-21T18:25:42.000Z,theguardian.com,1,David Attenborough calls on Chinese president to end ivory trade
2015-02-21T18:25:53.000Z,,5,Average age accepted for YC??
2015-02-21T18:28:28.000Z,sfgate.com,2,A123 sues Apple says it poached battery engineers
2015-02-21T18:28:32.000Z,fiercepharma.com,1,HIV activists target Gilead for holding back on Truvada marketing
2015-02-21T18:35:59.000Z,,1,What are good philosophical books?
2015-02-21T18:42:30.000Z,acha-acha.co,80,Git Achievements
2015-02-21T18:43:46.000Z,math.uiuc.edu,21,Remarks on Expository Writing in Mathematics (2004) [pdf]
2015-02-21T18:44:21.000Z,en.wikipedia.org,11,Mbone – Multicast over the Internet
2015-02-21T18:46:00.000Z,,14,Ask HN: What job offers most free time?
2015-02-21T18:46:35.000Z,jack.ofspades.com,2,Warnings are Errors #bestpractices
2015-02-21T18:48:22.000Z,time.com,1,What makes you 'click' with someone else?
2015-02-21T18:49:43.000Z,youtube.com,13,iRobot CEO Colin Angle on lessons learned and the future [video]
2015-02-21T18:55:23.000Z,hubba.com,4,Why Use Node.js? A Recap of Node Summit
2015-02-21T19:00:20.000Z,latimes.com,36,A loophole in immigration law is costing thousands of American jobs
2015-02-21T19:02:39.000Z,reddit.com,4,Is it time to develop some open source HDD firmware?
2015-02-21T19:04:35.000Z,dnainfo.com,1,Computers Not Weights Run Fitness Studio
2015-02-21T19:05:09.000Z,petapixel.com,2,Photo Websites Being Sued Over a Patent for Online Photo Contests
2015-02-21T19:07:28.000Z,ece.uwaterloo.ca,1,The VRML Dream Project
2015-02-21T19:08:04.000Z,,116,Ask HN: Founders what's your lifestyle like?
2015-02-21T19:10:57.000Z,arxiv.org,1,Statistical Problems in a Paper on Variation in Cancer Risk Among Tissues
2015-02-21T19:11:08.000Z,entrepreneur.com,2,The Companies That Apply for the Most Patents and Trademarks
2015-02-21T19:16:31.000Z,engadget.com,85,Jerry Lawson a self-taught engineer gave us video game cartridges
2015-02-21T19:18:15.000Z,,102,Ask HN: What to do when all you have is talent?
2015-02-21T19:19:03.000Z,recode.net,2,How Syrian Hackers Nearly Hijacked Wix by Way of Google Apps
2015-02-21T19:19:30.000Z,arstechnica.com,58,Accused British hacker wanted for crimes in US won’t give up crypto keys
2015-02-21T19:20:47.000Z,astropad.com,177,Astropad – Transform your iPad into a professional graphics tablet
2015-02-21T19:21:33.000Z,wired.com,11,Designing Chairs That Assemble Themselves
2015-02-21T19:22:49.000Z,rohit.io,1,Devops Meetup  Knowlarity
2015-02-21T19:23:33.000Z,eurogamer.net,1,Reality Crumbles: Whatever Happened to VR? (2012)
2015-02-21T19:27:26.000Z,nytimes.com,27,In Service Sector No Rest for the Working
2015-02-21T19:29:45.000Z,infoworld.com,1,Untangling the intense politics behind Node.js
2015-02-21T19:38:54.000Z,techcrunch.com,2,Protect Your Smartphone from Government Spies with These Apps
2015-02-21T19:39:15.000Z,exchange.xforce.ibmcloud.com,1,IBM launched a X-Force Exchange portal
2015-02-21T19:42:21.000Z,sweden.identitytool.com,7,The ‘Brand Sweden’ typeface
2015-02-21T19:48:10.000Z,learntocodewith.me,1,Do you have what it takes to be a front end developer?
2015-02-21T19:48:42.000Z,devopschecklist.com,3,The DevOps Checklist
2015-02-21T19:49:07.000Z,github.com,1,Socket programming – well commented examples
2015-02-21T19:50:15.000Z,sourceware.org,2,Python scripting into gdb
2015-02-21T19:50:17.000Z,mtr.website,1,Django import export package. Import action video. Test mixins tutorial
2015-02-21T19:54:34.000Z,medium.com,1,Can software be art?
2015-02-21T19:58:23.000Z,linkedinclassactionsettlement.com,1,LinkedIn User Privacy Litigation
2015-02-21T19:58:52.000Z,thedevline.com,1,How to Build PhoneGap Project with AndroidStudio in Using Gradle Build
2015-02-21T19:59:38.000Z,github.com,5,Show HN: As my first Haskell project I'm implementing Go
2015-02-21T20:02:14.000Z,chrome.google.com,1,Read web effectively with Conan reading progress and article stats bar
2015-02-21T20:04:28.000Z,,57,Ask HN: Is it too late to do a startup after 35?
2015-02-21T20:06:53.000Z,kappa-architecture.com,1,Kappa Architecture – Where Everything Is a Stream
2015-02-21T20:20:20.000Z,stackoverflow.com,1,What is the ideal growth rate for a dynamically allocated array?
2015-02-21T20:21:16.000Z,,3,Ask HN: Who uses vmware over virtualbox for vagrant?
2015-02-21T20:24:26.000Z,blog.jessfraz.com,267,Docker containers on the desktop
2015-02-21T20:25:00.000Z,farnamstreetblog.com,1,Untangling Skill and Luck in Business Sports and Investing
2015-02-21T20:26:58.000Z,,2,Ask HN: Best equity splitting practices?
2015-02-21T20:30:38.000Z,angel.co,1,Ravti (YC S14) is hiring a mobile developer
2015-02-21T20:33:10.000Z,,1,Ask HN: Advice for terms and services for a small test idea including payments
2015-02-21T20:33:15.000Z,simblob.blogspot.com,60,Optimizing A* for grid maps
2015-02-21T20:33:17.000Z,medium.com,4,The democratization of the bond market
2015-02-21T20:33:53.000Z,nbviewer.ipython.org,6,Haskell and Cosmology
2015-02-21T20:34:26.000Z,courses.platzi.com,26,Y Combinator Startup Class – Live with Sam Altman
2015-02-21T20:34:50.000Z,ballisticfinance.com,37,Show HN: Ballistic – A Personal Finance Tracker
2015-02-21T20:37:06.000Z,github.com,1,Magical routes with React keep your routes DRY
2015-02-21T20:38:56.000Z,thetechblock.com,1,Quick Thoughts: Gold and Apple Watch
2015-02-21T20:40:13.000Z,forbes.com,1,Zuck & Friends Secret Billion Dollar Fund
2015-02-21T20:52:19.000Z,miriamyoung.com,2,Shock tax demand for half a million freelancers in Netherlands [pdf]
2015-02-21T20:53:35.000Z,builtinaustin.com,1,20 year old kid build “ENIGMA” the Worlds most Secure Encryption Service
2015-02-21T20:53:51.000Z,cl.cam.ac.uk,1,For and Against Languages
2015-02-21T20:54:58.000Z,,2,Ask HN: What new worthwhile ideas were outcompeted?
2015-02-21T21:00:23.000Z,plato.stanford.edu,2,Connectionism
2015-02-21T21:01:37.000Z,nytimes.com,15,Deeper Ties to Corporate Cash for a Doubtful Climate Scientist
2015-02-21T21:02:23.000Z,backed.io,2,How to Stream Movies for Free Online
2015-02-21T21:02:49.000Z,davidstockmanscontracorner.com,2,Tesla: Bonfire of the Money Printers’ Vanities
2015-02-21T21:04:50.000Z,producthunt.com,2,Apps tools and resources for remote workers and distributed teams
2015-02-21T21:06:25.000Z,burrows.svbtle.com,84,Universal copy/paste in Linux
2015-02-21T21:07:38.000Z,farnamstreetblog.com,2,The Fragilista
2015-02-21T21:15:22.000Z,blogs.forward.com,1,Israel's Police Sexual Harassment Problem
2015-02-21T21:15:29.000Z,washingtonpost.com,1,The fake history – and the real one – behind the inventing of ‘Monopoly’
2015-02-21T21:18:34.000Z,,5,Ask HN: What kind of jobs only work 40 hours a week?
2015-02-21T21:21:39.000Z,bbc.com,2,Dropbox founder Drew Houston explains his success (2014) [video]
2015-02-21T21:24:12.000Z,bitpi.co,1,Homemade Automatic Domain Tester with PhantomJS Part 1
2015-02-21T21:28:03.000Z,blog.attractmo.de,310,“Just the Beginning of What We Can Do on Super Nintendo”
2015-02-21T21:28:31.000Z,arxiv.org,2,Towards AI-Complete Question Answering: A Set of Prerequisite Toy Tasks [pdf]
2015-02-21T21:29:05.000Z,redorbit.com,1,Ancient and modern cities surprisingly similar
2015-02-21T21:31:35.000Z,scienceworldreport.com,1,Caribbean Corals Have a Newly Discovered Tool to Combat Climate Change
2015-02-21T21:31:42.000Z,vimeo.com,1,American Juggalo (Video Documentary)
2015-02-21T21:31:44.000Z,designhooks.com,1,Top web design trends and predictions for 2015
2015-02-21T21:31:53.000Z,pennenergy.com,26,Water in Oregon pipeline is tapped for electricity
2015-02-21T21:33:33.000Z,worldsciencefestival.com,2,How Far Are We from Teleportation?
2015-02-21T21:36:24.000Z,washingtonpost.com,1,Senator: Your futuristic car is putting your privacy and security at risk
2015-02-21T21:36:44.000Z,animagraffs.com,140,How a Handgun Works: 1911 .45
2015-02-21T21:37:11.000Z,theguardian.com,1,Top-secret military warning on Ebola biological weapon terror threat
2015-02-21T21:44:25.000Z,live.femalefoundersconference.org,82,Female Founders Conference – Live Stream [video]
2015-02-21T21:44:40.000Z,bsago.me,132,Show HN: Exa a replacement for ls written in Rust
2015-02-21T21:44:42.000Z,,4,Ask HN: How do people get started in open source?
2015-02-21T21:47:31.000Z,livecode.com,1,LiveCode a modern day HyperCard (works on windows mac linux android and iOS)
2015-02-21T21:49:09.000Z,willschenk.com,6,Why engineers build crappy products
2015-02-21T21:53:50.000Z,jordan-wright.github.io,9,Web Scraping Hotel Prices for Fun and Savings
2015-02-21T22:00:24.000Z,theregister.co.uk,6,Hello Barbie: Hang on this Wi-Fi doll records your child's voice?
2015-02-21T22:09:00.000Z,cultstate.com,3,The Paradox of the Black Feminist Panda: Godel and Intersectionality
2015-02-21T22:09:57.000Z,gumroad.com,1,Design Elements Tradeoffs Cheatsheet
2015-02-21T22:12:09.000Z,medium.com,1,When You Fail…  Two simple ideas to help you feel better
2015-02-21T22:17:26.000Z,,1,Chrome won't load archive.org
2015-02-21T22:22:59.000Z,,1,Ask HN: Entrepreneurs and software engrs  how do you come about new ideas?
2015-02-21T22:25:52.000Z,chrissaad.com,2,39+ Tips for Non-Technical Co-Founders in Silicon Valley
2015-02-21T22:30:05.000Z,revault.io,1,Revault – The World's First Wearable Private Cloud
2015-02-21T22:31:57.000Z,marcozehe.de,1,Social networks and accessibility: A not so sad picture
2015-02-21T22:38:15.000Z,haiku-os.org,1,Be Engineering Insights: The BeOS Networking Environment
2015-02-21T22:41:43.000Z,aboveavalon.com,1,The Evolving Notification
2015-02-21T22:42:32.000Z,smashingmagazine.com,1,JavaScript Mistakes to Avoid with a Static Code Analyzer
2015-02-21T22:48:13.000Z,usgs.gov,1,Coping with Earthquakes Induced by Fluid Injection (Fracking)
2015-02-21T22:48:14.000Z,bitbucket.org,2,Show HN: A stack machine in 50 lines of F#
2015-02-21T22:53:18.000Z,savelink.co,2,SaveLink – Cloud Bookmarks (Alpha)
2015-02-21T22:54:41.000Z,github.com,1,Even Simpler Bootstrap Form Validation – Valid8
2015-02-21T22:55:52.000Z,github.com,45,Show HN: I built a web-based iMessage interface
2015-02-21T23:01:18.000Z,whatmighthavebeen.org,2,SF Bay Area: What Might Have Been
2015-02-21T23:01:25.000Z,,3,Ask HN: Freereliable SMTP service for sending emails from cron jobs in Mac OS X
2015-02-21T23:06:09.000Z,magazine.startus.cc,4,How to start a website project in less than 2 hours
2015-02-21T23:06:22.000Z,raganwald.com,163,Interviewing for a JavaScript Job
2015-02-21T23:06:31.000Z,,12,Ask HN: Why do Atom.io and Sublimetext include spyware?
2015-02-21T23:07:26.000Z,timleland.com,2,How I made Over $500 from my first Blog Post
2015-02-21T23:12:08.000Z,newsarchive.medill.northwestern.edu,2,Complete immersive VR model of Starship Enterprise (2012)
2015-02-21T23:18:36.000Z,slate.com,3,Lenovo Superfish: Why it’s one of the worst consumer computing screw-ups ever
2015-02-21T23:23:40.000Z,en.wikipedia.org,2,TCP sequence prediction attack
2015-02-21T23:27:55.000Z,rentabuild.com,1,Show HN: 3D Printers are expensive so we're renting them
2015-02-21T23:33:17.000Z,roadwarriorvoices.com,2,A San Francisco Uber driver is making $200K a year selling jewelry
2015-02-21T23:37:21.000Z,computerworld.com,22,So Cal Edison fires hundreds of IT employees and replaces them with H-1Bs
2015-02-21T23:40:22.000Z,jakubmarian.com,1,The True Size of Greenland and Russia Compared to Africa
2015-02-21T23:43:25.000Z,ra-lang.sourceforge.net,2,Ra
2015-02-21T23:43:29.000Z,spacedaily.com,6,The origin of the magnetic field covering the Sun has been discovered
2015-02-21T23:43:44.000Z,nbcnews.com,1,Think Special Operations Is No Place for a Scientist?  Send in the Weatherman
2015-02-21T23:44:02.000Z,motherboard.vice.com,2,Not Sure If You Got the Measles Vaccine? Here's What to Do
2015-02-21T23:46:19.000Z,dotnetfiddle.net,1,R Rated insult generator
2015-02-21T23:48:26.000Z,kai.subblue.com,3,The True Size of Africa
2015-02-22T00:03:15.000Z,techno-anthropology.blogspot.com,1,Fiat currency is not permissable for Muslims. Bitcoin is
2015-02-22T00:07:56.000Z,twitter.com,2,Proud to be married to a female founder
2015-02-22T00:08:27.000Z,latimes.com,87,As I lay dying: Final op-ed from LA Times journalist Laurie Beckland
2015-02-22T00:09:47.000Z,theatlantic.com,2,Minneapolis's White Lie
2015-02-22T00:13:45.000Z,medium.com,2,Bringing Much-Needed Sanity to the Vaccine Debate
2015-02-22T00:18:31.000Z,businessinsider.com,2,At 27 this guy quit a $500000 job at BlackBerry to launch a cool startup
2015-02-22T00:20:22.000Z,gameref.io,1,Game:Ref – The world's first hardware anti-cheat device
2015-02-22T00:20:29.000Z,nytimes.com,2,At New York Private Schools Challenging White Privilege from the Inside
2015-02-22T00:23:30.000Z,npmjs.com,1,Show HN: Live-Edit JavaScript Modules in Chrome
2015-02-22T00:28:33.000Z,github.com,2,Intro to GLSL for 2D Games
2015-02-22T00:32:39.000Z,youtube.com,1,Shark Tank View on Venture Investing with Coffee Meets Bagel
2015-02-22T00:42:23.000Z,shruubi.com,1,Thoughts on “The Good Parts”
2015-02-22T00:43:24.000Z,medium.com,2,Show HN: Generative Impressionism
2015-02-22T00:56:36.000Z,vimeo.com,7,Show HN: Portia extract info from websites the easy way
2015-02-22T00:59:32.000Z,blog.codeeval.com,5,Most Popular Coding Languages of 2015
2015-02-22T01:00:19.000Z,cnet.com,6,Developer curses at man on subway meets him again in job interview
2015-02-22T01:08:07.000Z,,1,How can I reassure users that feedback they provide will be anonymous?
2015-02-22T01:08:39.000Z,youtube.com,3,Mastering the Pixel: 25 Years of Photoshop
2015-02-22T01:11:07.000Z,redbooks.ibm.com,2,Building Real-Time Mobile Solutions with MQTT
2015-02-22T01:11:15.000Z,symmetry50.com,1,The Top Etsy Stores
2015-02-22T01:13:55.000Z,twitter.com,13,No more 'undefined is not a function' messages in JavaScript
2015-02-22T01:16:48.000Z,rainbowstream.org,1,Rainbowstream – A Terminal Twitter Client
2015-02-22T01:18:43.000Z,,13,Ask HN: What should I have accomplished before graduating with a BS in CS?
2015-02-22T01:21:39.000Z,phoronix.com,2,Xfce 4.12 Planned for Release in a Week
2015-02-22T01:21:46.000Z,,3,Bug or feature in Quora?
2015-02-22T01:29:23.000Z,medium.com,1,On marketing to designers
2015-02-22T01:34:07.000Z,languagelog.ldc.upenn.edu,1,Did Sarah Koenig exhibit more vocal fry in 2014 than in 2000?
2015-02-22T01:37:23.000Z,devashish.me,1,On being a workaholic
2015-02-22T01:37:55.000Z,getmagicnow.com,1329,Magic
2015-02-22T01:39:30.000Z,gist.github.com,153,Unix V5 OpenBSD Plan 9 FreeBSD and GNU Coreutils Implementations of Echo.c
2015-02-22T01:47:49.000Z,github.com,77,DataScript a Datomic-Inspired Data Structure for the Browser
2015-02-22T01:54:43.000Z,rob.conery.io,11,It’s Time to Get Over That Stored Procedure Aversion You Have
2015-02-22T01:59:27.000Z,lav.io,3,Show HN: Audiogrep – automatic audio “supercuts” in python
2015-02-22T02:02:14.000Z,subuser.org,4,Subuser: Docker containers on the desktop the right way
2015-02-22T02:04:11.000Z,cnn.com,5,'Ghost Rider': B-52 resurrected from desert Boneyard
2015-02-22T02:05:30.000Z,proofs.wiki,2,Mathematical Proofs Wiki
2015-02-22T02:08:17.000Z,nytimes.com,32,Beekeeping at airports
2015-02-22T02:13:21.000Z,nytimes.com,104,An Engineer Creates for Fun After a Lifetime of Workaday Rules
2015-02-22T02:15:10.000Z,en.wikipedia.org,1,Fitts's law
2015-02-22T02:24:00.000Z,planspace.org,1,RStudio in a Web Browser
2015-02-22T02:35:33.000Z,brookings.edu,2,Not just a matter of degrees: Other pathways to STEM careers
2015-02-22T02:36:03.000Z,michaelochurch.wordpress.com,1,Java shop politics
2015-02-22T02:37:55.000Z,medium.com,3,The Rise of Algorithmic HR
2015-02-22T02:40:20.000Z,aflexsystem.com,6,How to create an admin control panel with Ruby on Rails in less than 9 minutes
2015-02-22T02:43:46.000Z,ije.oxfordjournals.org,2,Prostate cancer is omnipresent but should we screen for it? (2007)
2015-02-22T02:45:49.000Z,jut.io,2,The User Experience of Language Design
2015-02-22T03:02:12.000Z,,1,Show HN: Crushing Our Crowdfunding Campaign (The Love Game)
2015-02-22T03:04:38.000Z,crossorigin.me,3,Show HN: CORSProxy replacement
2015-02-22T03:21:22.000Z,en.wikipedia.org,1,Hew Raymond Griffiths
2015-02-22T03:23:05.000Z,linuxveda.com,2,Ubuntu 15.05 will bring back good old windows menus
2015-02-22T03:30:02.000Z,,1,Ask HN: What's the biggest problem your startup face today?
2015-02-22T03:30:10.000Z,blog.yanivkessler.com,1,Help pushing “Add tags to GitHub stars” feature
2015-02-22T03:30:54.000Z,roadsandkingdoms.com,2,Australia's Temple of Weird
2015-02-22T03:31:08.000Z,joshrendek.com,1,Communicating between React components using events
2015-02-22T03:37:48.000Z,david-barreto.com,2,Directive Inheritance in AngularJS
2015-02-22T03:59:18.000Z,nytimes.com,1,In the End It All Adds Up to – 1/12
2015-02-22T04:00:08.000Z,github.com,2,Bitjet: Binary visualization using IPython widgets
2015-02-22T04:03:21.000Z,,4,Ask HN: Coming to the USA for a study exchange where are the tech hubs?
2015-02-22T04:04:32.000Z,autonews.com,1,Postal Service's next-gen van carries a $6B prize
2015-02-22T04:07:40.000Z,wilfred.me.uk,8,My First LLVM Compiler
2015-02-22T04:21:00.000Z,economist.com,1,Paradox: spend more money does not lead to better quality
2015-02-22T04:28:55.000Z,arstechnica.com,2,Your DNA is everywhere. Can the police analyze it?
2015-02-22T04:34:42.000Z,,8,Ask HN: Part-time/remote data science?
2015-02-22T04:44:26.000Z,economist.com,1,Upsetting the Apple car |
2015-02-22T04:51:26.000Z,youtube.com,3,Chinese Farmer Builds His Own Bionic Arms  YouTube
2015-02-22T04:52:23.000Z,bjfogg.com,1,A behavior model for persuasive design [pdf]
2015-02-22T04:55:03.000Z,rcoh.github.io,1,Show HN: Monitor Your Terminal from Your Phone
2015-02-22T04:59:59.000Z,backed.io,1,Portable USB Drive Bitcoin Wallets (M$ Windoze)
2015-02-22T05:01:16.000Z,medium.com,6,When Exponential Progress Becomes Our Reality
2015-02-22T05:02:13.000Z,,2,Ask HN: Moving from Vietnam to US is there any tech company I can work?
2015-02-22T05:03:39.000Z,sourceforge.net,2,ECL 15.2.21 released new maintainer found
2015-02-22T05:13:29.000Z,totango.com,1,Customer Retention Cost and CRC Ratio
2015-02-22T05:19:45.000Z,arxiv.org,6,Towards AI-Complete Question Answering Using Deep Learning
2015-02-22T05:30:09.000Z,techcrunch.com,1,The untapped $140 trillion innovation for jobs market
2015-02-22T05:34:17.000Z,youtube.com,2,How not to talk about design
2015-02-22T05:39:13.000Z,shootout.fm,1,Shootout.fm – compare audio effects and microphones
2015-02-22T05:45:32.000Z,kuro5hin.org,3,Kuro5hin's Ongoing Discussion of Universal Basic Income
2015-02-22T05:57:41.000Z,youtube.com,1,“Math does not bow to guns.” -Bryan Micon on events of 2/11/15
2015-02-22T06:00:01.000Z,m.theatlantic.com,1,The Unbearable Lightness of Tweeting
2015-02-22T06:02:52.000Z,medium.com,1,5 simple things helping me to do more
2015-02-22T06:11:06.000Z,datadventures.ghost.io,2,Principia Data
